Country Name,Country Code,Indicator Name,1960,1961,1962,1963,1964,1965,1966,1967,1968,1969,1970,1971,1972,1973,1974,1975,1976,1977,1978,1979,1980,1981,1982,1983,1984,1985,1986,1987,1988,1989,1990,1991,1992,1993,1994,1995,1996,1997,1998,1999,2000,2001,2002,2003,2004,2005,2006,2007,2008,2009,2010,2011,2012,2013,2014,2015,2016
Aruba,ABW,Final consumption expenditure (constant 2010 US$),,,,,,,,,,,,,,,,,,,,,,,,,,,,,,,,,,,,,,,,,,,,,,,,,,,2102296089,,,,,,
Afghanistan,AFG,Final consumption expenditure (constant 2010 US$),,,,,,,,,,,,,,,,,,,,,,,,,,,,,,,,,,,,,,,,,,,,,,,,,,,17792244272,,,,,,
Angola,AGO,Final consumption expenditure (constant 2010 US$),,,,,,,,,,,,,,,,,,,,,,,,,,,,,,,,,,,,,,,,,,,,,,,,,,,54537716377,,,,,,
Albania,ALB,Final consumption expenditure (constant 2010 US$),,,,,,,,,,,,,,,,,,,,,,,,,,,,,,,,,,,,,7992483399,6132283078,5719802789,5903850634,6012377445,6054583061,6500299120,7109207940,7758494310,8192747239,8497419404,9348974754,10296264043,10403504067,10605508298,10779009924,10792358976,10992992156,11414764147,11505271512,11788839133
Andorra,AND,Final consumption expenditure (constant 2010 US$),,,,,,,,,,,,,,,,,,,,,,,,,,,,,,,,,,,,,,,,,,,,,,,,,,,,,,,,,
United Arab Emirates,ARE,Final consumption expenditure (constant 2010 US$),,,,,,,,,,,,,,,,,,,,,,,,,,,,,,,,,,,,,,,,,,149903000000,158887000000,162677000000,177935000000,180621000000,203762000000,226138000000,253057000000,197665000000,215229000000,218399000000,211233000000,235939000000,256066000000,228173000000,249071000000
Argentina,ARG,Final consumption expenditure (constant 2010 US$),84824659224,93061660339,90731741378,88142081460,97456144266,105880000000,104731000000,107921000000,112921000000,120088000000,122579000000,128897000000,130802000000,136759000000,146488000000,146458000000,136380000000,139480000000,137931000000,156598000000,166594000000,160623000000,153269000000,159762000000,166407000000,153017000000,167193000000,170112000000,163089000000,153305000000,150868000000,173170000000,196040000000,204954000000,215509000000,207802000000,218163000000,235754000000,243904000000,240737000000,239617000000,227260000000,198101000000,211907000000,229599000000,247405000000,271824000000,296628000000,317191000000,304884000000,336351000000,365527000000,370551000000,384917000000,372169000000,387172000000,382840000000
Armenia,ARM,Final consumption expenditure (constant 2010 US$),,,,,,,,,,,,,,,,,,,,,,,,,,,,,,,,,,,,,,,,,4599790604,4938731761,5351762053,5766095358,6290633359,6895971772,7502674733,8440612516,8841804200,8476964498,8803574100,9050475517,9794994968,9932655935,10014491354,9320749920,9428441584
American Samoa,ASM,Final consumption expenditure (constant 2010 US$),,,,,,,,,,,,,,,,,,,,,,,,,,,,,,,,,,,,,,,,,,,,,,,,,,,,,,,,,
Antigua and Barbuda,ATG,Final consumption expenditure (constant 2010 US$),,,,,,,,,,,,,,,,,,,,,,410312416.6,498341302.2,445034921.5,459217353,515947079.3,628917482.4,595173076.3,491494611.1,552625781.6,513990881.8,510567536.3,518881375.5,543333843.7,625005087.5,644078012.7,706187282,698362492.1,701785837.7,759493662.7,735530243.8,805464302.9,818179586.4,881266954.4,882734102.4,989835913.2,1320952507,1236316793,1213331473,925770446.5,980054925.9,996193554.9,1065638565,1083244342,1097915823,1080799095,1085200539
Australia,AUS,Final consumption expenditure (constant 2010 US$),136041000000,139352000000,143163000000,150612000000,160200000000,169294000000,176267000000,185308000000,195952000000,205587000000,218662000000,227757000000,236469000000,246750000000,260234000000,275068000000,281921000000,293833000000,300365000000,306170000000,312139000000,323476000000,338312000000,346600000000,353735000000,362095000000,379214000000,388584000000,401974000000,419271000000,435213000000,442095000000,452788000000,462221000000,471856000000,492197000000,509439000000,523285000000,547855000000,576282000000,598848000000,616341000000,635360000000,660623000000,693109000000,722181000000,744804000000,777501000000,811427000000,821382000000,839078000000,870186000000,895440000000,907098000000,928474000000,952110000000,981614000000
Austria,AUT,Final consumption expenditure (constant 2010 US$),,,,,,,,,,,110876000000,117216000000,123689000000,129506000000,134348000000,138987000000,145191000000,153602000000,151889000000,158697000000,162496000000,164809000000,168507000000,176172000000,173598000000,176571000000,180222000000,183509000000,187619000000,193435000000,200599000000,206612000000,213574000000,215815000000,220739000000,223653000000,229133000000,231594000000,238339000000,244667000000,250189000000,252427000000,254404000000,258343000000,263757000000,269506000000,275999000000,279191000000,283632000000,286704000000,288843000000,291575000000,292760000000,293014000000,293065000000,294700000000,299049000000
Azerbaijan,AZE,Final consumption expenditure (constant 2010 US$),,,,,,,,,,,,,,,,,,,,,,,,,,,,,,,,,9133024774,6926794152,5376120096,5172973585,5642040547,6412521593,7133765014,8097470334,9744608039,9537799683,10664504123,11644953834,13047051343,15965025770,21991845151,26070109109,29046916307,30857645788,26580416096,32113529324,32820026976,,,,
Burundi,BDI,Final consumption expenditure (constant 2010 US$),,,,,,,,,,,,,,,,,,,,,,,,,,,,,,,,,,,,,,1104207475,1189366985,1179864029,1059438263,1086691659,1163344899,1165517462,1250531998,1417662621,1388042731,1581780041,1752935431,1822857633,2021646475,2088761265,2158588056,2240695390,2323399173,2316997979,2350552942
Belgium,BEL,Final consumption expenditure (constant 2010 US$),,,,,,,,,,,153557000000,161391000000,170929000000,183429000000,188897000000,192537000000,201514000000,206602000000,213937000000,223188000000,223205000000,226000000000,229311000000,229511000000,230256000000,236636000000,242037000000,246931000000,252090000000,258836000000,264344000000,272799000000,277687000000,276662000000,282488000000,286885000000,292509000000,296780000000,304121000000,310097000000,319176000000,322404000000,325772000000,328336000000,333496000000,337019000000,341454000000,347839000000,354936000000,357386000000,365133000000,367447000000,370572000000,372589000000,375979000000,379076000000,381989000000
Benin,BEN,Final consumption expenditure (constant 2010 US$),1256941802,1281664562,1277520818,1370748827,1447540621,1538271618,1660064478,1725792747,1780076560,1789522010,1844190429,1860153806,1948388641,2028297150,2015033174,1968664686,1937561251,2097974032,2148015688,2266951819,2422675432,2643502897,2296543227,2352284769,2520129102,2812646639,2764379068,2708370328,2894217930,2700964558,2752451308,2946071299,3087017984,3225386460,3099504579,3224805792,3392024197,3556877797,3749306632,3930771683,4213597660,4377933505,4620672167,4796303333,4934504907,5165948248,5400049311,5610895301,6001801996,6192050637,6293044095,6435675206,6636111783,6896790072,7183824110,7388025794,7322413268
Burkina Faso,BFA,Final consumption expenditure (constant 2010 US$),,,,,,1452283925,1460416124,1652124180,1718813684,1756301083,1682896024,1717638458,1674321687,1672369730,1773597830,1949035946,2059314466,2242858284,2231385713,2305664485,2425267228,2539816464,2723510260,2716250735,2580181834,2691550720,3035669835,2960686378,3116043122,3065434961,3024983692,3189969811,3193502417,3337888650,2942036544,3310185106,3791376030,3870564739,4318944578,4725673675,4758312057,4989028584,5018593129,5396358667,5640454330,6076340082,6327040908,6555460527,7229918798,7105318884,7496699827,7145002551,6100083811,9367953760,9564555210,10260811144,10418216586
Bangladesh,BGD,Final consumption expenditure (constant 2010 US$),26430397055,28795724898,28293543002,29683100976,32827593634,32985713790,33593199460,32603161955,33070697447,34702327114,38148116756,37572382484,35979175939,31565727352,30558231470,29235544804,31639932386,28874117785,32305816779,33655336972,34698851708,33992190403,32975394982,33837133483,36211763879,36695818355,37840172036,38861773825,40305176797,40663698852,43617471772,43529998252,45397991540,47142828410,48860480367,50650882220,50581651387,51219387990,52124699624,54168353270,56823074643,59222044725,60129048342,62733151223,66631721835,71253232482,76328617577,81771505414,84983010060,87144800377,91289473950,97231275211,101161000000,106395000000,110944000000,117633000000,121631000000
Bulgaria,BGR,Final consumption expenditure (constant 2010 US$),,,,,,,,,,,,,,,,,,,,,27345612833,29036258698,30505725125,31709802897,32832527142,33667084337,34669074794,36639658386,38406285908,37278298430,39410136050,30785288074,29831525450,28768867064,27479374035,26682472181,25801950589,21622248680,22262741099,24103869771,25806178692,27536203195,28833874171,30745556992,33349494450,35378920671,38145390280,41979363138,43088448423,40685429335,40630644375,41444596589,42265459591,41475274807,42381736835,44003695682,44798599567
Bahrain,BHR,Final consumption expenditure (constant 2010 US$),,,,,,,,,,,,,,,,,,,,,,,,,,,,,,,,,,,,,,,,,,,,,,,8749787234,9271170213,11182712766,12486968085,13913829787,15226223404,15934840426,17250000000,17348404255,17601063830,
"Bahamas, The",BHS,Final consumption expenditure (constant 2010 US$),,,,,,,,,,,,,,,,,,,,,,,,,,,,,,5061905710,4955979729,4820955426,4578641533,4546284928,4737356268,4963547208,5283945035,5438834195,5945695602,6349607795,6509308617,6578599416,6767898558,6628386055,6510833957,6994276913,7188152074,7263050739,7102923719,6532042908,6587000000,6534286055,6702522050,6625133492,6880852205,6598215733,6470356377
Bosnia and Herzegovina,BIH,Final consumption expenditure (constant 2010 US$),,,,,,,,,,,,,,,,,,,,,,,,,,,,,,,,,,,,,,,,,,,,,,,17355237895,18261367983,19203216903,18549713618,18633081195,18576945216,18524028984,18476305275,18721006569,19009305682,
Belarus,BLR,Final consumption expenditure (constant 2010 US$),,,,,,,,,,,,,,,,,,,,,,,,,,,,,,,18333049532,17131253046,15449137980,14448747157,12854730968,11687579040,12081485844,13266172218,14787936074,16004309356,17169764319,19528232204,21135159926,22341217011,24012864792,26890077491,29729079682,33081417612,37769956019,37766437076,41016078509,41676645219,45607304251,49959330702,51820644559,50681344948,48909962855
Belize,BLZ,Final consumption expenditure (constant 2010 US$),,,,,,,,,,,,,,,,,,,,,529662389,436744498.7,492774524,459165908.1,398008138.3,392418581.2,364054734.7,436123395.3,516096838.4,561723475.1,561676167.2,655578685.1,692133340.4,734158287.1,698414527.1,714474326.4,731032104,750017525.6,794586581,848056998,901216178.6,983818324.5,1058888549,1100630208,1096882486,1084667204,1061981119,1109026807,1098222919,1142028698,1203378750,1246549171,1291687416,1344553661,1363717421,1424473135,1525137389
Bermuda,BMU,Final consumption expenditure (constant 2010 US$),,,,,,,,,,,,,,,,,,,,,,,,,,,,,,,,,,,,,,,,,,,,,,,,,,,4051877000,,,,,,
Bolivia,BOL,Final consumption expenditure (constant 2010 US$),2946628572,3173222909,3210236286,3397691710,3440181627,3746108821,4011045780,4240491189,4393954690,4666389892,5060468462,5276385613,5400440784,5875445914,6114236348,6432886595,6916783184,7249944227,7113699518,7357485511,7377232217,7512817882,7227500851,6796694219,6842248593,6969703320,7091509388,7241949135,7334388193,7456157818,7672662699,7927832071,8211148535,8475522938,8726385566,9026035780,9312694277,9792174852,10287636863,10577885090,10818371378,10978410012,11223603797,11460681277,11797932822,12191159764,12674117545,13196016610,13890910760,14403885232,14959204469,15778326302,16510995360,17565181436,18549127050,19617550269,20231697378
Brazil,BRA,Final consumption expenditure (constant 2010 US$),204616000000,222789000000,234278000000,237666000000,241776000000,239408000000,249838000000,272326000000,300086000000,296487000000,341437000000,382221000000,423473000000,465423000000,507710000000,504448000000,579693000000,622070000000,638699000000,702578000000,751827000000,733078000000,763653000000,781395000000,825563000000,852866000000,892170000000,906911000000,912603000000,930871000000,921981000000,969624000000,972055000000,1010450000000,1067020000000,1139860000000,1163240000000,1193880000000,1195710000000,1203820000000,1240650000000,1235880000000,1259340000000,1258840000000,1308080000000,1358360000000,1424620000000,1507800000000,1590010000000,1655550000000,1750300000000,1824790000000,1883930000000,1941600000000,1979540000000,1913150000000,1846580000000
Barbados,BRB,Final consumption expenditure (constant 2010 US$),,,,,,,,,,,,,,,,,,,,,,,,,,,2547575475,2617809642,2671131875,2775004141,2609097107,2719417372,2078923224,2152445540,3050479405,3314738288,3413731056,3405274033,3781041781,3953205055,4008601147,3983570531,3984229439,3942030725,4323318991,4561846720,4583877849,4596553379,4424558412,4231997384,3962982300,3846028970,3639437264,3775327126,3683887526,3558652115,
Brunei Darussalam,BRN,Final consumption expenditure (constant 2010 US$),,,,,,,,,,,,,,,,,,,,,,,,,,,,,,2503413421,2591747121,2567314411,2926913825,3248924459,3148061166,3104207627,3307813568,3559031977,3304054712,3284007334,3282577118,3505778144,3481557682,3702267620,4014390979,3982951962,4295271067,4660759443,4683062120,4917804107,5053171984,5322332233,5520352035,5776310964,5761642831,5746974697,5504504789
Bhutan,BTN,Final consumption expenditure (constant 2010 US$),,,,,,,,,,,,,,,,,,,,,,,,,,,,,,,,,,,,,,,,,526722335.1,452248833.3,504277012.5,567059116,644160453.4,781115256.8,762336866.9,951377485.2,874988913.2,994371563.2,1055546978,1109866829,1088985341,1489226453,1420893270,1534857226,1521701889
Botswana,BWA,Final consumption expenditure (constant 2010 US$),,,,,,,,,,,,,,,,811954645.9,917388550.2,1009085145,1108971271,1231286238,1298916086,1328953272,1329825061,1318782359,1447701806,1670642591,1840139946,2047679088,2308503173,2712168928,3139945525,3365395200,3481262640,3576589115,3703284809,4143652065,4303504874,4827551080,5005633210,5042859207,5012801414,4845387367,5089948501,5155582743,5394078212,5617079805,6169374029,6878149279,7825761009,8206108262,8810355379,9441127428,9694187580,10786549310,11178896013,11571356741,
Central African Republic,CAF,Final consumption expenditure (constant 2010 US$),,,,,,,,,,,,,,,,,,,,,,,,,,,,,,,,,,,,,,,,,,,,,,,,,1845676762,1929596344,1994690204,2032100736,2081918251,1412601841,1587806111,1641555119,1690241828
Canada,CAN,Final consumption expenditure (constant 2010 US$),,,,,,,,,,,402871000000,425025000000,449839000000,477613000000,503250000000,526461000000,548542000000,566856000000,581769000000,593030000000,606001000000,612463000000,603306000000,615912000000,636770000000,666516000000,686104000000,708172000000,735242000000,758562000000,773149000000,772219000000,782391000000,792037000000,805498000000,816063000000,829092000000,857407000000,879096000000,909699000000,945160000000,970590000000,1004870000000,1032860000000,1061060000000,1094720000000,1136310000000,1180110000000,1217590000000,1226630000000,1265960000000,1291550000000,1311950000000,1333930000000,1362760000000,1387310000000,1417150000000
Switzerland,CHE,Final consumption expenditure (constant 2010 US$),,,,,,,,,,,196103000000,205797000000,216091000000,221932000000,221660000000,216523000000,219474000000,225104000000,230019000000,232861000000,238305000000,241024000000,241758000000,245258000000,249213000000,255591000000,262903000000,270507000000,277247000000,286883000000,292815000000,298175000000,299787000000,298267000000,302341000000,304812000000,308344000000,312832000000,318761000000,324552000000,330746000000,337856000000,339682000000,342217000000,347846000000,352765000000,357220000000,364278000000,367807000000,373757000000,378975000000,382849000000,392528000000,401238000000,406294000000,411334000000,
Channel Islands,CHI,Final consumption expenditure (constant 2010 US$),,,,,,,,,,,,,,,,,,,,,,,,,,,,,,,,,,,,,,,,,,,,,,,,,,,,,,,,,
Chile,CHL,Final consumption expenditure (constant 2010 US$),23509903427,24674379653,25719735776,26666787598,26636705407,26911205396,29922378956,30871445210,32074195652,33830377824,33912432370,38341632049,41195814177,38939649882,33363432392,29621154164,29676618203,33768064715,36267169557,38780912609,40479482013,44901698326,39032448069,37054275446,37205895058,37043128920,38690340998,40875567649,43539894443,47555454992,48508784401,52463082061,59138750875,63307251195,68014882331,74259637903,80828683778,86689108937,90499505574,90022888945,93487678461,95458996841,97523361099,101349000000,109374000000,117487000000,126060000000,134980000000,139774000000,140588000000,153924000000,165024000000,174371000000,181861000000,187237000000,191784000000,197238000000
China,CHN,Final consumption expenditure (constant 2010 US$),,,,,,,,,,,,,,,,,,,,,,,,,,,,,,,298858000000,345581000000,417889000000,500319000000,553879000000,621312000000,711915000000,775399000000,865317000000,994686000000,1131430000000,1222850000000,1345890000000,1439860000000,1565220000000,1763890000000,1954590000000,2214010000000,2410150000000,2675950000000,2939280000000,3299400000000,3587620000000,3850410000000,4127000000000,4472130000000,4855850000000
Cote d'Ivoire,CIV,Final consumption expenditure (constant 2010 US$),,,,,,,,,,,,,,,,,,,,,,,,,,,,,,,,,,,,,,,,,,,,,,,,,18155877240,18867331630,19722741012,18441726944,21221198790,22451907647,23310643733,25788784155,28186044941
Cameroon,CMR,Final consumption expenditure (constant 2010 US$),4037008037,4097727451,4233010158,4362495652,4481856221,4526863776,4669103419,4099897650,4520702614,4659680541,4690143339,5060748521,5068461131,5098210770,5612620168,6401299749,6078059654,7009773414,7818441116,8391838768,7367468681,8630801928,9777066957,9854368067,9999569723,10601935603,13207508906,13763103852,12112509896,10665819711,10668865729,10610591507,9434454332,10622668802,10662964764,10879927650,11417993678,12081123741,12628470302,13203148661,13764191528,14292837348,14888936364,15735336679,16250584888,16712763863,17324098168,18215511007,18865293530,19483534417,20462704709,21557332377,22731072267,24010809442,25426384725,26901414807,27999092316
"Congo, Dem. Rep.",COD,Final consumption expenditure (constant 2010 US$),,,,,,,,,,,,,,,,,,,,,,,,,,,,,,,,,,13969938105,12864564563,13136506962,12526679485,11945729711,12251518008,11507929060,11599376629,11304967356,10471215411,12714785237,13577243873,14163569681,14954081493,16057411241,16429693234,16458808947,17591272728,18747181309,20095148436,21575265082,24143272326,23967519982,24303121012
"Congo, Rep.",COG,Final consumption expenditure (constant 2010 US$),833314016.2,829706583.5,781006388.6,728698810.3,750343308.7,757558163.7,720702918,703589923.9,789678027.8,870966042.9,933342721.9,936288300.8,942959256.8,942161837.8,932219960.7,956713830.4,1075282080,969394955.8,1073448498,997427897.8,1178505730,1358997826,1925380946,1741572585,1893117715,1982121148,1875726526,1811590113,1799370300,1827562512,1771117510,2196067311,1840751519,1970819074,1970637188,2024754143,1934396552,2417736467,2057654018,2362042939,2382044973,2822178619,3068115407,3126368440,3274702747,3735324664,4233781370,4804982025,5146353110,5070323539,5890475898,5580577267,5388124726,5983326979,6006275283,6092665633,5536493995
Colombia,COL,Final consumption expenditure (constant 2010 US$),26587887899,28371126968,30591017737,32104080145,34972883280,34523897244,37877213419,38148696702,40577119441,43751933769,47528433830,51803338566,54804033030,58102664896,59825045435,61539632013,65566442686,68284733546,74070515481,78016466493,82313958661,84799228960,86438417544,86705235798,89330996001,91340730838,94050767003,98035354978,102409000000,106099000000,108963000000,111506000000,116033000000,125544000000,131781000000,139385000000,146666000000,154407000000,154206000000,149264000000,157849000000,160493000000,162919000000,167372000000,174618000000,182080000000,193489000000,207073000000,214219000000,217621000000,228761000000,241327000000,252822000000,264360000000,275910000000,285756000000,291553000000
Comoros,COM,Final consumption expenditure (constant 2010 US$),,,,,,,,,,,,,,,,,,,,,,,,,,,,,,,,,,,,,,,,,440684088.3,469340674,477639302.5,505021920.5,523767434.8,557827074,570386513,550676503.8,583499983.6,611581654.5,625449645.2,648003456.1,674273134.5,701661358.1,706083304,,
Cabo Verde,CPV,Final consumption expenditure (constant 2010 US$),,,,,,,,,,,,,,,,,,,,,,,,,,,,,,,,,,,,,,,,,,,,,,,,1255091881,1281407770,1362647433,1355587587,1396915346,1413246045,1439096305,,,
Costa Rica,CRI,Final consumption expenditure (constant 2010 US$),3803479358,3716880056,3965236311,4244714526,4520330699,5020821412,5362866816,5589874496,5942432827,6360349357,6844355934,7281492237,7377298983,8071204599,8493650434,8403293726,8865357050,10320149399,10626665035,10669619537,11578155654,10096039481,9496916056,10507685596,11219242685,11605511640,12238119161,12636176377,13030686634,13595819428,14038871907,14409983717,15654381752,17030256319,17831559468,18150258445,18424562434,19317369761,20139836531,20454746835,20671760083,21235846501,22016176705,22806711361,23325434499,24285831402,25445394692,27168574568,28725358401,29232500318,30619091267,32198755987,33787694571,34797290369,36173993953,37708043033,39255574824
Cuba,CUB,Final consumption expenditure (constant 2010 US$),,,,,,,,,,,17947995403,19487235443,20427525653,21130615969,21342756532,23360973795,24618613779,26769984346,28550041796,28883767489,27426207721,32773183606,35829252983,37830822078,40923791676,40897931792,40966569063,41210073195,42374547909,42891029496,40850530955,36641282791,31542961160,29081612499,29917107755,30138852623,31328572827,32090644386,32498841997,34160372542,34985569651,36256905822,37279230215,39714603809,41186532905,42675296380,49071209591,51233636020,51085004275,51691617478,54729000000,55016767174,56088699897,58176450745,59815284802,62875976465,
Curacao,CUW,Final consumption expenditure (constant 2010 US$),,,,,,,,,,,,,,,,,,,,,,,,,,,,,,,,,,,,,,,,,,,,,,,,,,,,,,,,,
Cayman Islands,CYM,Final consumption expenditure (constant 2010 US$),,,,,,,,,,,,,,,,,,,,,,,,,,,,,,,,,,,,,,,,,,,,,,,,,,,,,,,,,
Cyprus,CYP,Final consumption expenditure (constant 2010 US$),,,,,,,,,,,,,,,,2708134652,3151723179,3578634673,3869774524,4085698769,4343127146,4473359869,4907757288,5252824341,5481588581,5780588555,5904197389,6518390430,7169915047,7596261945,8429848215,9113334896,9643239360,8946231749,9504896598,11381130224,11831188222,12331319296,13287205304,13725269751,14401706023,14893591530,15322211056,16079004119,17022596737,17588242582,18463771799,20076004881,21568452374,20749742604,21341324503,21328731275,20997859189,19652632534,19421606760,19687713671,20090247223
Czech Republic,CZE,Final consumption expenditure (constant 2010 US$),,,,,,,,,,,,,,,,,,,,,,,,,,,,,,,108385000000,88338965549,91385143864,93199671855,97054262537,100004000000,105341000000,108421000000,107180000000,110337000000,111441000000,114741000000,119782000000,125914000000,128376000000,131542000000,135187000000,139276000000,142594000000,143166000000,144346000000,143669000000,141612000000,143161000000,145431000000,149399000000,152975000000
Germany,DEU,Final consumption expenditure (constant 2010 US$),,,,,,,,,,,1152550000000,1218150000000,1282110000000,1328710000000,1344650000000,1397370000000,1449270000000,1503020000000,1559010000000,1612550000000,1644840000000,1659550000000,1642590000000,1657920000000,1687140000000,1714120000000,1769290000000,1818950000000,1861660000000,1893540000000,1963020000000,2043530000000,2120860000000,2133700000000,2182250000000,2226440000000,2259580000000,2277560000000,2310950000000,2361820000000,2407540000000,2439650000000,2432720000000,2438110000000,2447100000000,2457890000000,2491290000000,2500020000000,2531880000000,2553450000000,2568870000000,2600720000000,2633860000000,2656470000000,2681900000000,2741240000000,2810340000000
Djibouti,DJI,Final consumption expenditure (constant 2010 US$),,,,,,,,,,,,,,,,,,,,,,,,,,,,,,,,,,,,,,,,,,,,,,,,,,,,,,,,,
Dominica,DMA,Final consumption expenditure (constant 2010 US$),,,,,,,,,,,,,,,,,,,,,,,,,,,,,,,,,,,,,,,,,,,,,,,,,,,491934555.6,,,,,,
Denmark,DNK,Final consumption expenditure (constant 2010 US$),,,,,,,,,,,119452000000,122193000000,123826000000,131034000000,129573000000,132037000000,140740000000,143375000000,147905000000,151371000000,150600000000,150614000000,153672000000,155573000000,158306000000,164251000000,172635000000,170690000000,168521000000,168390000000,168456000000,171209000000,174533000000,175942000000,184924000000,188315000000,193298000000,197464000000,202576000000,204564000000,207091000000,208731000000,212239000000,214268000000,221908000000,228217000000,234628000000,238328000000,241728000000,238838000000,241426000000,241296000000,242743000000,243094000000,245003000000,248468000000,251490000000
Dominican Republic,DOM,Final consumption expenditure (constant 2010 US$),3104887767,3124535785,3910933102,4306236535,4617333988,4134549014,4651815101,4727891549,4803610665,5139852059,5984955682,6423347672,6234119566,6845562259,8157431567,8366837335,7763967087,8440340754,8431555349,8011192359,10890271753,10410172849,10675911244,10878734422,10814300144,10825586841,12094428555,13093760275,14410502614,15866579432,14133026342,14424165537,16418886763,17308694992,17529696567,18570652904,19419603699,21279877666,22789962482,24210768246,25347849357,26233902605,27717580559,26348612498,27160921738,31355898503,35108424769,38433325702,40405705174,42627812343,45553671239,47190954691,48315191802,49003538903,50908050029,53521453428,56012058380
Algeria,DZA,Final consumption expenditure (constant 2010 US$),13391189173,10070174540,7606195972,12319894508,13069800857,13605448651,11678613901,12042799169,12823799271,13506578197,14831311076,15895493812,18515936386,18857164419,23860459303,26954787297,28904256340,31397780135,31675221564,36394037819,38789666016,42009208856,43227475004,45864350306,48341027436,50564712115,49553419195,46778427772,44486284490,47022004060,45940497103,44516339897,47231838833,46334432872,46705108258,47966147248,47774282490,47392088544,48529498118,49888322835,50805024009,52992554757,55883397450,58218100323,61108189391,62929439350,65376199287,68297504623,73768313559,78665409600,83097951340,88803410949,92799696362,96502022785,99987924752,102750000000,105391000000
Ecuador,ECU,Final consumption expenditure (constant 2010 US$),,,,,,9264475406,9336662329,9685233340,10171394996,10773225817,11614359465,12143398978,11959163225,12702823744,15786338645,17689896677,19085916235,19820063073,20502718976,21813550177,23337004093,24749097174,25410828951,24815611722,25210855312,26036248685,26111980694,27382764851,26739053527,27168202372,28464285874,29497564830,29788295286,30665130621,31782893216,32808300839,32908227340,34928871138,36810547105,32838643092,33275125774,35158661478,37391225662,38411014660,40773397295,42527327158,44344343537,46314830586,49194277321,49639140164,53193172000,56228676553,58615709955,61575604331,63887606858,63885016127,62518845520
"Egypt, Arab Rep.",EGY,Final consumption expenditure (constant 2010 US$),13802913887,14767738683,16296662765,17876925868,18805857661,20061373090,21452669565,22859035367,24188190260,25456111499,26815806476,27972306769,29006651057,32463403059,36387089217,38288158722,39996984904,43613047225,45662585871,50771341090,56105880367,58927082545,59886750205,62989531965,68447152122,71943795382,72390581540,76282888247,79451661535,81744638102,84872236862,88537614170,91511155023,94465351456,98511850266,102022000000,106343000000,110934000000,113538000000,118456000000,124169000000,129274000000,132146000000,135331000000,138167000000,144408000000,152913000000,162040000000,170552000000,180180000000,187668000000,197638000000,209637000000,216339000000,226897000000,235016000000,245587000000
Eritrea,ERI,Final consumption expenditure (constant 2010 US$),,,,,,,,,,,,,,,,,,,,,,,,,,,,,,,,,1833664261,1848680626,2262931918,2412761806,2564393662,2674046449,2869726285,2954151600,2479076584,2467765641,2663801226,2919935465,3018250714,2792924123,2450192156,2323287544,2108068874,2254494196,2313015811,1962795745,,,,,
Spain,ESP,Final consumption expenditure (constant 2010 US$),,,,,,,,,,,329368000000,345754000000,372777000000,401056000000,424050000000,433931000000,459135000000,467806000000,475494000000,484034000000,495243000000,494741000000,499272000000,503949000000,504979000000,518575000000,537531000000,573059000000,599597000000,635741000000,661781000000,685393000000,702296000000,696102000000,702765000000,715977000000,731582000000,752208000000,783886000000,820429000000,857511000000,889609000000,918031000000,945070000000,988088000000,1031300000000,1073260000000,1115560000000,1125650000000,1106630000000,1113140000000,1093000000000,1051160000000,1021100000000,1032430000000,1059680000000,1087400000000
Estonia,EST,Final consumption expenditure (constant 2010 US$),,,,,,,,,,,,,,,,,,,,,,,,,,,,,,,,,,7020344532,7150623927,7698211589,8263331718,8968747599,9355813692,9424553440,9829448406,10384124256,11201515456,12086442106,12884718022,13888635335,15413037951,16714635025,16260972897,14283612481,14105297932,14531271643,15115553147,15615424577,16105950206,16810541633,17361311622
Ethiopia,ETH,Final consumption expenditure (constant 2010 US$),,,,,,,,,,,,,,,,,,,,,,,,,,,,,,,,,,,,,,,,,,,,,,,,,,,,,,,,,
Finland,FIN,Final consumption expenditure (constant 2010 US$),,,,,,,,,,,65356793089,67196115233,72687429080,76914819902,78838541789,82112067284,84547738690,85099608481,87260154149,91870936846,94680455530,96693580704,101085000000,104268000000,107647000000,112103000000,116609000000,121964000000,127668000000,133052000000,134452000000,132156000000,126977000000,123161000000,125481000000,130997000000,135245000000,139841000000,145356000000,149566000000,152194000000,156293000000,160319000000,165709000000,170632000000,175482000000,181067000000,186213000000,189866000000,187190000000,191052000000,194841000000,195594000000,195648000000,196368000000,198445000000,201497000000
Fiji,FJI,Final consumption expenditure (constant 2010 US$),,,,,,,,,,,,,,,,,,,,,,,,,,,,,,,,,,,,,,,,,,,,,,,,,,,,,,,,,
France,FRA,Final consumption expenditure (constant 2010 US$),,,,,,,,,,,780218000000,825193000000,866094000000,916205000000,946191000000,972815000000,1021670000000,1049240000000,1097270000000,1134510000000,1154150000000,1180050000000,1222040000000,1238580000000,1252070000000,1279250000000,1322430000000,1364090000000,1410200000000,1448240000000,1488140000000,1509590000000,1535960000000,1551070000000,1571230000000,1590640000000,1623520000000,1635590000000,1678520000000,1727750000000,1781910000000,1819720000000,1856150000000,1886500000000,1925310000000,1966680000000,2005130000000,2051180000000,2064400000000,2081900000000,2116700000000,2130280000000,2137210000000,2154000000000,2171990000000,2204710000000,2244560000000
Faroe Islands,FRO,Final consumption expenditure (constant 2010 US$),,,,,,,,,,,,,,,,,,,,,,,,,,,,,,,,,,,,,,,,,,,,,,,,,,,1935429382,,,,,,
"Micronesia, Fed. Sts.",FSM,Final consumption expenditure (constant 2010 US$),,,,,,,,,,,,,,,,,,,,,,,,,,,,,,,,,,,,,,,,,,,,,,,,,,,,,,,,,
Gabon,GAB,Final consumption expenditure (constant 2010 US$),628144181.9,699171041.9,765758780.4,961082733.6,1027670471,1156406722,1072303535,1346298955,1378118190,1444766990,1524355527,1652305214,1866366531,2022793007,1843654930,2157968339,2476301199,2757475426,3206176457,2951239367,3185755602,3583868604,3361180796,4106312085,3984536343,3804853255,4322187264,3584294394,3266229781,3960692142,3841471136,3813062900,3797280288,3754718097,3465680170,3510935740,3443547561,3445122625,4217843751,4131272997,4185148773,4364436161,4466608368,4490805970,4585728011,4821144243,5162567387,5375424882,5578990075,5882235961,6336380672,6855120663,7272441847,7953540832,8289074467,8189003782,8358605728
United Kingdom,GBR,Final consumption expenditure (constant 2010 US$),,,,,,,,,,,785779000000,811188000000,859481000000,903498000000,896183000000,908666000000,916027000000,910296000000,950284000000,984638000000,988225000000,989994000000,999809000000,1035120000000,1056060000000,1085220000000,1141210000000,1187830000000,1257490000000,1293730000000,1310090000000,1299010000000,1316800000000,1357500000000,1397270000000,1424680000000,1469390000000,1526570000000,1584000000000,1655780000000,1730630000000,1794400000000,1863020000000,1934650000000,2000730000000,2057250000000,2093260000000,2144960000000,2144210000000,2097310000000,2107320000000,2101200000000,2136880000000,2163730000000,2211080000000,2258080000000,2314040000000
Georgia,GEO,Final consumption expenditure (constant 2010 US$),,,,,,,,,,,,,,,,,,,,,,,,,,,,,,,,,,,,,,,,,,,,,,,,,,,11199440947,,,,,,
Ghana,GHA,Final consumption expenditure (constant 2010 US$),,,,,,,,,,,,,,,,,,,,,,,,,,,,,,,,,,,,,,,,,,,,,,,22721606959,23788285160,26425231667,26583961388,28391194969,34019407964,31611285603,33941879907,35736847684,35324686145,
Gibraltar,GIB,Final consumption expenditure (constant 2010 US$),,,,,,,,,,,,,,,,,,,,,,,,,,,,,,,,,,,,,,,,,,,,,,,,,,,,,,,,,
Guinea,GIN,Final consumption expenditure (constant 2010 US$),,,,,,,,,,,,,,,,,,,,,,,,,,,,,,,,,,,,,,,,,,,,,,,4006884894,4435169552,4739159759,4563011345,4622814989,4958348763,5195687011,5444179206,5500407127,5585063887,5649965025
"Gambia, The",GMB,Final consumption expenditure (constant 2010 US$),,,,,,,263792210.8,263792210.8,281331314.4,289920753.8,300582584.3,280982705.8,294018983.4,328511430.9,333448097.8,339771133.3,321842634.8,363826723.5,436090627.8,516143204.7,528155278.2,481428570.6,434665873.5,371935440.3,325800618.8,326744813,367978860.7,370381806.4,384437149.3,406808883.1,424367260.8,439204579.3,458507299.2,491378710.7,485721146.6,516720578.2,479520013.1,508808867,531572707.7,539769272.3,600760115.8,676905153.8,705900452.1,630241429.1,669756973.7,749008116.6,778697349.6,777559353.3,814059642.4,821270441.1,917760566.9,819107507.8,881525694.9,927864385.7,1037305478,1074725158,1072616269
Guinea-Bissau,GNB,Final consumption expenditure (constant 2010 US$),,,,,,,,,,,,,,,,,,,,,,,,,,,,,,,,,,,,,,,,,,,,,,,,811382436,867632946,870266484.7,920660559.6,971228804.4,963708151.1,842682721.3,949496271.4,1027992859,1147798365
Equatorial Guinea,GNQ,Final consumption expenditure (constant 2010 US$),,,,,,,,,,,,,,,,,,,,,313849050.6,313036708.1,226031369.3,151795929.2,197905244.2,195007195.5,207775110.6,241642314.1,260717070.3,232466658.8,189062393.2,240216619.5,268195550.3,251425015.2,172659968.4,391996424.1,731067883,928569932.7,1629569118,1246971286,936054114.3,1414909623,3079725149,3473005667,5950743871,2463334891,3848394431,4320537488,4932755407,5209251493,5719982959,6312027241,6722050419,8124098222,7949539815,7986081706,8134941465
Greece,GRC,Final consumption expenditure (constant 2010 US$),,,,,,,,,,,83467866296,87912793040,93139844210,98904155313,100270000000,108652000000,114725000000,124293000000,133024000000,140681000000,141252000000,142344000000,145576000000,149060000000,150313000000,152096000000,149966000000,153197000000,158843000000,168564000000,172346000000,175944000000,178308000000,177956000000,180477000000,185971000000,191946000000,197497000000,205698000000,212923000000,218797000000,227261000000,237633000000,247579000000,256773000000,265569000000,275437000000,287532000000,293748000000,291394000000,274145000000,249234000000,230437000000,222396000000,222434000000,222079000000,223518000000
Grenada,GRD,Final consumption expenditure (constant 2010 US$),,,,,,,,,,,,,,,,,,,,,,,,,,,,,,,,,,,,,,,,,,,,,,,,,,,797104296.3,,,,,,
Greenland,GRL,Final consumption expenditure (constant 2010 US$),,,,,,,,,,,,,,,,,,,,,,,,,,,,,,,,,,,,,,,,,,,,1972422254,2067850856,2108372895,2170765100,2205704024,2215874540,2273448196,2270709980,2285876851,2279084654,2282889707,2255294180,2253640582,
Guatemala,GTM,Final consumption expenditure (constant 2010 US$),5977350508,6241465285,6511140308,6900608299,7273424272,7505039815,7782656909,8174050992,8517706843,9053894711,9614575830,10064958136,10751506796,11314557492,11741888352,12146332621,13000835097,14027588437,14743426926,15394697350,16020354765,16279520587,15815578039,15614584623,15811889497,15730658675,15922471358,16589194223,17284442596,17817146342,18151222711,18847963173,19850963026,20784026198,21751841013,22808641048,23386194851,24368792639,25600785430,26615279134,27666733328,28759252280,29620697230,30599725716,31458593214,32730171696,34292724788,36229345955,38020249752,38417994904,39918959505,41393547321,42813078835,44487795265,46322996440,48704094393,50410599800
Guam,GUM,Final consumption expenditure (constant 2010 US$),,,,,,,,,,,,,,,,,,,,,,,,,,,,,,,,,,,,,,,,,,,,,,,,,,,,,,,,,
Guyana,GUY,Final consumption expenditure (constant 2010 US$),,,,,,,,,,,,,,,,,,,,,,,,,,,,,,,,,,,,,,,,,,,,,,,,,,,2314995693,,,,,,
"Hong Kong SAR, China",HKG,Final consumption expenditure (constant 2010 US$),,,,,,,,,,,,,,22262714852,22242850830,23154564267,24839394446,28640532951,33181380526,36310866807,40443937624,44342703279,46693091039,50225049481,53037050011,55185073053,59703912195,65366964115,70972229791,73830278734,78348553557,85473981189,93403450233,100016000000,106161000000,108131000000,112211000000,118007000000,112590000000,114165000000,118970000000,121491000000,120941000000,119804000000,127228000000,130534000000,137494000000,148324000000,151166000000,151873000000,160583000000,172782000000,179751000000,187619000000,193811000000,202551000000,206624000000
Honduras,HND,Final consumption expenditure (constant 2010 US$),2146377309,2239660096,2316378590,2460225994,2652545587,2738155620,2839633486,2892987656,3102220131,3158015457,3328539802,3264026567,3461053708,3741774052,3743517765,3909159807,4529883258,5107015817,5218606588,5201170546,5637071526,5682405231,5746918584,5659738609,6048562064,6109588089,6498411876,6641387403,6852363589,7185391825,7049390719,7248161573,7502727742,7691036974,7675344537,7766011937,8172271659,8391965755,8867969624,8901098103,9603770490,10068191221,10472309799,10922136468,11472677147,12250345949,13217127695,14160338531,14615932208,14796132502,15212769448,15641272094,16259936231,16856591580,17147392185,17673206414,18397591908
Croatia,HRV,Final consumption expenditure (constant 2010 US$),,,,,,,,,,,,,,,,,,,,,,,,,,,,,,,,,,,,33795882066,34007958603,37231711186,37230971335,36665780393,37178245798,37908509967,40763073772,42184866461,43787104092,45418515824,47109642106,50090305547,50504435158,47904328429,47179039960,47258137013,46064637996,45492423481,44862845617,45236619880,46537069025
Haiti,HTI,Final consumption expenditure (constant 2010 US$),,,,,,,,,,,,,,,,,,,,,,,,,,,,,,,,,,,,,5105633316,5257430561,5422638823,5878740107,6747767404,6640283440,6558220781,6610387617,6403062055,6739906614,6821277494,7083105598,7095253911,7218974883,8211939588,7983039804,7569357792,7774280644,7959062871,8025239205,8122106013
Hungary,HUN,Final consumption expenditure (constant 2010 US$),,,,,,,,,,,,,,,,,,,,,,,,,,,,,,,,76168022016,76635925181,80806499670,78958325766,73821925620,71881905609,72735836165,75262613005,79179931287,81304435611,84733649300,90819374111,97512416715,99579842232,102529000000,104048000000,102804000000,102842000000,98364535340,96328530495,96896538290,95008713781,96250379818,99176577610,101870000000,105502000000
Indonesia,IDN,Final consumption expenditure (constant 2010 US$),36730211633,38829966249,40230437385,38820259122,39796762161,39344235828,40144935781,42746785529,46833441190,49482955563,51577923448,54073234736,57186658857,60829154282,67221124465,71952823631,76529907083,82649166529,89667944230,101846000000,114507000000,132507000000,137892000000,146499000000,152230000000,155201000000,158732000000,163166000000,170358000000,179022000000,194851000000,208999000000,215878000000,226595000000,242537000000,269320000000,293132000000,313372000000,290855000000,303177000000,309425000000,321515000000,336943000000,352405000000,369499000000,385279000000,400504000000,419988000000,445102000000,473067000000,492496000000,517728000000,545576000000,576413000000,603571000000,633208000000,660710000000
Isle of Man,IMN,Final consumption expenditure (constant 2010 US$),,,,,,,,,,,,,,,,,,,,,,,,,,,,,,,,,,,,,,,,,,,,,,,,,,,,,,,,,
India,IND,Final consumption expenditure (constant 2010 US$),118403000000,120888000000,124102000000,130676000000,138294000000,139676000000,141552000000,149127000000,153438000000,160044000000,166534000000,171264000000,172471000000,176159000000,175258000000,186015000000,190941000000,205383000000,218252000000,215605000000,233786000000,243911000000,248993000000,267214000000,276514000000,290455000000,302224000000,314756000000,334027000000,350801000000,365883000000,372458000000,382557000000,400117000000,417407000000,443897000000,476281000000,496381000000,533142000000,551895000000,568903000000,599276000000,613444000000,646670000000,678892000000,737844000000,794962000000,869617000000,936475000000,1015040000000,1098380000000,1195840000000,1251680000000,1329760000000,1419080000000,1499600000000,1657160000000
Ireland,IRL,Final consumption expenditure (constant 2010 US$),,,,,,,,,,,35604799197,37202579563,39331734384,42113645044,43414249461,44643006368,45879384808,48406673144,52666243507,55020507310,56203307615,56950072822,54503548420,54775858962,55451823881,57565567700,58821186716,59445169432,60643863891,63449217128,64928879096,66235230854,68160415435,69683336550,72684558258,75263020632,80004497932,85198519413,91673596940,99365687304,109250000000,115908000000,121161000000,124666000000,128479000000,136616000000,145158000000,154845000000,155371000000,147733000000,146180000000,144691000000,142259000000,141390000000,144981000000,150376000000,155703000000
"Iran, Islamic Rep.",IRN,Final consumption expenditure (constant 2010 US$),21491632073,22479998354,22826833540,22423588874,23437148218,25896415238,28736881974,30350611709,32494347414,37888344966,40536630669,51034465137,48483613853,56485773644,70685937576,86466365667,67551471490,83351569654,78904505480,102377000000,89028059507,95439786838,111258000000,116732000000,115949000000,129412000000,111837000000,102927000000,108522000000,111909000000,126162000000,139344000000,145116000000,145233000000,135208000000,133173000000,136108000000,143314000000,147951000000,149049000000,161918000000,169728000000,182448000000,189330000000,200172000000,218945000000,233861000000,258183000000,256177000000,257578000000,265417000000,282185000000,277469000000,255969000000,263770000000,,
Iraq,IRQ,Final consumption expenditure (constant 2010 US$),,,,,,,,,,,,,,,,,,,,,,,,,,,,,,,,,,,,,,,,,,,,,,,,,,,87766724530,,,,,,
Iceland,ISL,Final consumption expenditure (constant 2010 US$),,,,,,,,,,,2494134505,2874817879,3122297030,3308029331,3635528400,3422105709,3604506438,3981359977,4322647070,4468696868,4607732645,4906898379,5161869763,5004047654,5147342650,5395451716,5773322709,6557693461,6447939483,6303165948,6574422919,6753445387,6557228726,6350399972,6529442190,6640436373,6910816868,7252269845,7888672367,8422232614,8784376800,8695852939,8768132089,9198580135,9726312408,10646494334,11061654682,11714081066,11299141567,10207985280,10066482064,10230340162,10308410479,10412860047,10673499326,11021521412,11590564820
Israel,ISR,Final consumption expenditure (constant 2010 US$),,,,,,,,,,,,,,,,,,,,,,,,,,,,,,,,,,,,108587000000,115090000000,119196000000,124909000000,129299000000,137458000000,142731000000,146617000000,145435000000,150112000000,154656000000,161805000000,172421000000,175193000000,177965000000,185347000000,191385000000,197344000000,204659000000,213028000000,221568000000,233895000000
Italy,ITA,Final consumption expenditure (constant 2010 US$),,,,,,,,,,,750989000000,780675000000,810145000000,852326000000,879221000000,888501000000,928041000000,956678000000,985053000000,1042010000000,1096580000000,1118490000000,1134610000000,1142900000000,1172860000000,1206420000000,1250770000000,1299610000000,1352250000000,1394150000000,1423690000000,1458950000000,1481210000000,1441820000000,1451870000000,1457200000000,1472350000000,1511230000000,1552870000000,1588540000000,1628290000000,1651750000000,1656750000000,1672480000000,1688870000000,1707990000000,1725020000000,1741620000000,1731430000000,1712660000000,1730470000000,1722430000000,1665100000000,1632810000000,1633190000000,1649720000000,1669270000000
Jamaica,JAM,Final consumption expenditure (constant 2010 US$),,,,,,,,,,,,,,,,,,,,,,,,,,,,,,,,,,,,,,,,,,,,,,,,14175782215,14574951096,13065035337,12933508812,13317077410,13210128055,13074970431,12974829389,12873763763,13030136427
Jordan,JOR,Final consumption expenditure (constant 2010 US$),,,,,,,,,,,,,,,,,5162126945,5692888769,6926537704,8768366456,9211773801,9684302880,10249563605,10307522768,11528439693,11939127001,11506665846,12385121206,12019292700,11554147154,10164824678,8985844093,10847500316,10901835383,11364098460,11601132595,12413960953,13220001051,13868470498,14213941468,15777130709,16447172295,16460585652,16669301411,17862362789,19827833059,21270109360,23233622822,25854431948,26987050766,25567302113,25922708409,27053915264,27805699414,27547167043,29620355126,30006232520
Japan,JPN,Final consumption expenditure (constant 2010 US$),,,,,,,,,,,1412760000000,1497240000000,1619560000000,1751380000000,1748760000000,1852570000000,1911300000000,1989060000000,2093340000000,2219520000000,2252220000000,2309170000000,2414420000000,2505830000000,2581020000000,2673060000000,2770720000000,2889060000000,3030660000000,3165270000000,3317630000000,3402650000000,3478250000000,3528970000000,3618710000000,3719840000000,3799110000000,3831900000000,3825070000000,3889710000000,3971780000000,4061370000000,4123770000000,4162970000000,4216160000000,4263670000000,4297640000000,4340140000000,4305960000000,4304530000000,4402870000000,4411620000000,4497140000000,4593640000000,4570760000000,4576220000000,
Kazakhstan,KAZ,Final consumption expenditure (constant 2010 US$),,,,,,,,,,,,,,,,,,,,,,,,,,,,,,,66214835514,64094537776,63645447261,56201221622,44845558572,36412646140,33974098705,34315153141,33355592580,35466532629,36707861271,40554893295,40879332441,45498697006,51550023709,57065876245,63680418936,70926717749,75285272972,75835907702,83191990092,93091836913,103146000000,112326000000,115471000000,117665000000,
Kenya,KEN,Final consumption expenditure (constant 2010 US$),4057672604,4135269647,4438328651,4466873193,4896727511,5169722095,5557082216,5862827086,5686313296,5964513021,5550586307,7676767586,8619028102,8209140509,9334660568,9391936980,9150297554,10005321366,11456198937,11961463941,12253113526,11747140637,11990528963,11918366094,12631916535,11999648216,13930515050,14966737202,16020531612,16821318761,16937620487,17465204762,17666369689,17762684009,19295926355,21760748448,22333179467,23006265521,24016601129,24719466046,24546157246,25507035867,25756178713,26488508482,27045069685,28458885344,30736756915,32491592429,32483487044,34187419171,36527225961,38695370869,40990539304,44257179292,45967324243,48859511089,51358084235
Kyrgyz Republic,KGZ,Final consumption expenditure (constant 2010 US$),,,,,,,,,,,,,,,,,,,,,,,,,,,,,,,6070492581,5065060350,4412408836,3896272631,3131230276,2628815521,2793690789,2570377738,2952671631,2983652877,2900170344,2942623599,3050212406,3639845224,3895142917,4145511058,4826543555,4951975672,5502885076,4819662799,4924889534,5336482593,5868421044,6276928815,6438873488,6320427054,
Cambodia,KHM,Final consumption expenditure (constant 2010 US$),,,,,,,,,,,,,,,,,,,,,,,,,,,,,,,,,,3075251305,3313161412,3513305162,3872404487,3810476416,4167049407,4443002291,4681364125,4804714556,5223434577,5627563001,6251330586,6985692454,7434887760,7953518956,8925053121,9034356343,9852339797,10857976844,11370963859,12021456435,12541347442,13269718164,14153955315
Kiribati,KIR,Final consumption expenditure (constant 2010 US$),,,,,,,,,,,,,,,,,,,,,,,,,,,,,,,,,,,,,,,,,,,,,,,,,,,,,,,,,
St. Kitts and Nevis,KNA,Final consumption expenditure (constant 2010 US$),,,,,,,,,,,,,,,,,,,,,,,,,,,,,,,,,,,,,,,,,,,,,,,,,,,611027370.4,,,,,,
"Korea, Rep.",KOR,Final consumption expenditure (constant 2010 US$),32404397346,33083228307,36049118515,37677103544,40527740318,43303052348,46361480925,50454586739,55784608252,61749795210,68024524657,74371508078,78676471224,85041360274,91269664836,96485220071,103415000000,109311000000,117973000000,127709000000,129758000000,136827000000,145752000000,157654000000,168835000000,179876000000,195073000000,211088000000,230302000000,255254000000,280950000000,303901000000,324497000000,345386000000,372869000000,407471000000,438217000000,454846000000,412596000000,455505000000,489988000000,518281000000,561219000000,562601000000,568565000000,593817000000,624411000000,657492000000,671642000000,680182000000,709150000000,728629000000,744994000000,761318000000,776870000000,795400000000,818509000000
Kuwait,KWT,Final consumption expenditure (constant 2010 US$),,,,,,,,,,,,,,,,,,,,,,,,,,,,,,,,,,,,,,,,,,,,,,,,,,,53118632240,55545359386,61295184927,64721912073,66427076064,67285415213,
Lao PDR,LAO,Final consumption expenditure (constant 2010 US$),,,,,,,,,,,,,,,,,,,,,,,,,,,,,,,,,,,,,,,,,,,,,,,,,,,5530602187,,,,,,
Lebanon,LBN,Final consumption expenditure (constant 2010 US$),,,,,,,,,,,,,,,,,,,,,,,,,,,,,,,,,,,22125829427,23203483740,23659800481,23089941708,23684037635,23961051245,24259626934,26513601225,26292079572,27122312133,28302138757,27473078829,28150894976,29985778554,32000000000,36065008292,38301824212,38409286899,39750910471,40520403571,39989706781,42354405810,44265548911
Liberia,LBR,Final consumption expenditure (constant 2010 US$),,,,,,,,,,,,,,,,,,,,,,,,,,,,,,,,,,,,,,,,,2337175309,1753681459,1939804806,1568035804,1062731411,1410075479,1721777703,1847580416,1951381087,1897080597,1990595900,2022019316,2004359759,2076584258,2148234822,2525316701,2346513683
Libya,LBY,Final consumption expenditure (constant 2010 US$),,,,,,,,,,,,,,,,,,,,,,,,,,,,,,,,,,,,,,,,,,,,,,,,,,,,,,,,,
St. Lucia,LCA,Final consumption expenditure (constant 2010 US$),,,,,,,,,,,,,,,,,,,,,,,,,,,,,,,,,,,,,,,,,,,,,,,,,,,1071971815,,,,,,
Liechtenstein,LIE,Final consumption expenditure (constant 2010 US$),,,,,,,,,,,,,,,,,,,,,,,,,,,,,,,,,,,,,,,,,,,,,,,,,,,,,,,,,
Sri Lanka,LKA,Final consumption expenditure (constant 2010 US$),4822674591,4572288310,4960242064,4748919239,4980137169,4968239855,5397773132,5438214020,5943125660,6437384887,6280659896,6249585824,5996320680,6568431343,6614532950,6735188262,6922971402,7526025830,8014918380,8185553030,8742850509,11776141376,12139868630,12912013746,14034770108,14931892707,14769386660,15265232389,15455541707,16396430476,15480364761,16537995817,17363845297,18605118583,19926859942,20530295429,21090949298,22587823334,24192411247,25520668667,26729814988,26815349409,28495442813,30774097233,31930414586,32748910580,34989470157,36487181461,39311810368,40293638086,43625939176,47366352834,48610801799,52016300430,54034953500,58773797257,59297666376
Lesotho,LSO,Final consumption expenditure (constant 2010 US$),5325278.691,5688365.874,6535569.302,7400062.596,7987918.036,8558483.61,9492136.367,9739381.449,9922654.028,10290928.17,10737006.71,12569732.49,15249661.7,20246432.94,26712842.78,32781585.71,41391938.91,51368191.52,59442558.89,71286117.02,88351093.61,105476377.3,115862676.3,137148593.3,157215816.8,178390577.2,204757155.8,233733293.9,295553901,339940997.9,362365936.7,452605429.5,506996442.8,564755539.3,613496691.3,681062755.4,754695297.4,926888114.7,1287057616,1363997519,1466007728,1515110947,1792959092,1911740470,2022741409,2202132188,2398230147,2745602467,2870105022,2931244669,3109599519,3265845285,3437900898,3572531637,3660720947,3685917892,
Lithuania,LTU,Final consumption expenditure (constant 2010 US$),,,,,,,,,,,,,,,,,,,,,,,,,,,,,,,,,,,,17264436330,18058357935,19017039399,19940648249,20377879965,21439356633,22183804892,23334950394,25525196148,27900961584,30628522102,32938550525,36231970730,37345960827,32201149131,31135793489,32202969685,33064159073,34230344209,35416573715,36636225733,38365732826
Luxembourg,LUX,Final consumption expenditure (constant 2010 US$),,,,,,,,,,,7169186928,7522948912,7874244155,8281380974,8638620764,9052240376,9328910261,9556493267,9811467887,10127096115,10418510155,10591224243,10660527799,10749159210,10923651735,11221486718,11671522440,12350800671,13036100399,13772374046,14388681854,15286792885,15143533865,15582413297,16081182277,17144085218,17678720936,18143468099,18574275562,19750798890,20570373935,21573336736,22555352440,23191182133,23577111473,23763630169,24352299756,25025741779,25368492233,25870227923,26196346254,26526267009,27353185987,28057831450,28786015909,29633566771,30155820445
Latvia,LVA,Final consumption expenditure (constant 2010 US$),,,,,,,,,,,,,,,,,,,,,,,,,,,,,,,,,,,,11827916969,12106023590,12687008866,13167431918,13511999482,13631908899,14338086721,15122349961,16204322627,17618492733,19075772856,22221226638,24166044620,22829745374,19479878597,19518043212,20099429789,20600442343,21483385800,21795408282,22533250444,23268864925
"Macao SAR, China",MAC,Final consumption expenditure (constant 2010 US$),,,,,,,,,,,,,,,,,,,,,,,1851859560,1961093231,2084979254,2261252669,2445416375,2705951908,3027981319,3225547559,3500450566,3802188105,4013716948,4275556640,4547482805,4719232691,4913792898,5015264041,5009208603,5270037709,5042221046,5115170570,5391255852,5617704259,6030018963,6441585713,6822701715,7573397111,7920424592,8327265641,8876059084,9729405349,10512781573,11999283751,12703186760,13069661017,13005703015
St. Martin (French part),MAF,Final consumption expenditure (constant 2010 US$),,,,,,,,,,,,,,,,,,,,,,,,,,,,,,,,,,,,,,,,,,,,,,,,,,,,,,,,,
Morocco,MAR,Final consumption expenditure (constant 2010 US$),8384541626,8574733926,9440918432,9835033371,9646779378,9711850186,10106210894,10868093846,12248942602,12444878813,12552895840,13124435491,13663437538,14070732336,15017004397,17237538176,19622034801,20793727226,21998843332,23418940713,22629433149,23046716548,24424366728,25399215111,26098573580,27485536128,30539158173,31085000592,33710771588,34456126656,35447498926,38751467630,38191407795,38005972059,41729549065,40614376370,44005441858,42636337545,44257018487,45533487701,46418634195,47388639781,48754887043,51147930524,53459232857,55317811852,58502056626,61224881607,65371772943,69212902158,71503944305,75079440702,78944012565,81647208734,84228472779,86170519730,88146736841
Monaco,MCO,Final consumption expenditure (constant 2010 US$),,,,,,,,,,,,,,,,,,,,,,,,,,,,,,,,,,,,,,,,,,,,,,,,,,,,,,,,,
Moldova,MDA,Final consumption expenditure (constant 2010 US$),,,,,,,,,,,,,,,,,,,,,,,,,,,,,,,,,,,,3083816729,3382400179,3784955848,3731735173,3162171559,3702281051,3865181415,4240104008,4893080040,4990941624,5679691570,6134066910,6373295513,6736573352,6271749798,6729587527,7220847418,7285835047,7664698467,7871645339,7722084088,7953746601
Madagascar,MDG,Final consumption expenditure (constant 2010 US$),4222200559,4239898159,4396614255,4484941730,4594155872,4560846073,4646592641,4686316683,5063373863,5252625589,5576955196,5922049130,5777421982,5598097232,5422869174,5443652870,5200211160,5420163872,5336816021,5982169475,6069727007,5330178669,5341881199,5307396664,5253413014,5420630569,5386370551,5274155233,5287893161,5125232508,5520513109,5473901601,5338226494,5482870811,5484571754,5575420228,5624435756,5946813164,6175922750,6401577968,6670004844,6949498494,6841775810,7407996537,7935176747,7679253930,7695754513,7989579604,8369541060,8376690246,8494192684,8571246783,8802185147,8869515876,8894370644,9050334592,9257945421
Maldives,MDV,Final consumption expenditure (constant 2010 US$),,,,,,,,,,,,,,,,,,,,,,,,,,,,,,,,,,,,,,,,,,,,,,,,,,,,,,,,,
Mexico,MEX,Final consumption expenditure (constant 2010 US$),78618505161,81847739265,86240798516,92386946591,102510000000,142200000000,149751000000,159707000000,171002000000,181961000000,194725000000,204446000000,219919000000,235746000000,245819000000,259870000000,270537000000,277094000000,297188000000,323827000000,356898000000,384474000000,377132000000,360885000000,374316000000,385366000000,377612000000,376515000000,383056000000,408156000000,432654000000,453331000000,472815000000,549347000000,572452000000,531635000000,550145000000,579009000000,605766000000,631303000000,665396000000,673341000000,680075000000,685934000000,720907000000,751227000000,790408000000,813777000000,830497000000,786978000000,826873000000,863746000000,904616000000,922571000000,939617000000,960850000000,985433000000
Marshall Islands,MHL,Final consumption expenditure (constant 2010 US$),,,,,,,,,,,,,,,,,,,,,,,,,,,,,,,,,,,,,,,,,,,,,,,,,,,,,,,,,
"Macedonia, FYR",MKD,Final consumption expenditure (constant 2010 US$),,,,,,,,,,,,,,,,,,,,,,,,,,,,,,,5753501012,5402525148,4843645704,5140625280,5494390354,5395051489,5523748599,5632956984,5825448382,6042327507,6554505528,6439680112,6667708328,6702493153,7103329944,7537100765,7836498720,8380632763,8862448221,8628360549,8827029562,8466682103,8588809290,8772798702,8914524044,9219372974,9561156119
Mali,MLI,Final consumption expenditure (constant 2010 US$),,,,,,,,2060657885,2126422262,2129746827,2239121471,2294460678,2449430945,2414442760,2627406890,2813772807,3110063052,3130198081,3324077252,3596560877,3439992154,3614034302,3406551072,3521559755,3564404098,4118377538,3931106171,3655203393,3973325240,3896246367,3871585177,4451642852,4134819073,4351557183,4210636166,4281411270,4629607453,4582961098,5112930642,5427984170,5431820897,5830547905,5799889339,6179562021,6476136572,6860980715,7113359891,7538186728,8140410726,8564115207,9427756589,9787386666,9635586266,9943051726,10606170910,11261037830,11752030572
Malta,MLT,Final consumption expenditure (constant 2010 US$),,,,,,,,,,,,,,,,,,,,,,,,,,,,,,,,,,,,,,,,,5728874172,5842781457,5836688742,6078675497,6167814570,6279205298,6486225166,6532980132,6706357616,6740662252,6756688742,6974785143,7055340563,7171358755,7440529076,7800122757,7950627713
Myanmar,MMR,Final consumption expenditure (constant 2010 US$),,,,,,,,,,,,,,,,,,,,,,,,,,,,,,,,,,,,,,,,,,,,,,,,,,,,,,,,,
Montenegro,MNE,Final consumption expenditure (constant 2010 US$),,,,,,,,,,,,,,,,,,,,,,,,,,,,,,,,,,,,,,,,,,,,,,,,4311747551,4739254194,4235938784,4301515232,4315200634,4201955376,4266444532,4375984464,4470687426,4636288246
Mongolia,MNG,Final consumption expenditure (constant 2010 US$),,,,,,,,,,,,,,,,,,,,,,,,,,,,,,,,,,,,,,,,,,,,,,2921211880,3249795154,3818383103,4517213473,4383199114,4882025746,5650195646,6457104343,7458484579,8014352965,8396178398,7936556306
Northern Mariana Islands,MNP,Final consumption expenditure (constant 2010 US$),,,,,,,,,,,,,,,,,,,,,,,,,,,,,,,,,,,,,,,,,,,,,,,,,,,,,,,,,
Mozambique,MOZ,Final consumption expenditure (constant 2010 US$),,,,,,,,,,,,,,,,,,,,,3734988696,3749361689,3675916142,3101531688,2863446163,2664860418,2698637766,2974499503,3076282726,3314462347,3186061282,3319133811,3074464699,3274504390,3530510288,3419664162,3691620198,3993389764,4251430954,4505774421,4528491782,4643546096,6204582988,6566958165,6887405845,7352870068,7737861406,8274254099,8753583576,9309248740,9790282673,10456041447,11468999273,12364166819,12928103066,13775345035,14472574160
Mauritania,MRT,Final consumption expenditure (constant 2010 US$),615290580.5,645642158.4,647925684.2,668459136.8,701071860.5,793299378.4,770603324.2,807701500.7,871542536.9,891092656.4,1019636063,1037194421,1026462816,1070229131,1432864847,1546924676,2071285310,1924801551,1668906737,1610811339,1572902271,1646190797,1836670006,1635311550,1479261262,1386296829,1574955309,1534924578,1419425686,1625158869,1711142818,1534594929,1390171566,1368601979,1495889711,1475721185,1649394192,1581975767,1790450709,1908735484,1977518935,1987370731,2200201141,2398533079,2398967742,2488794568,2644338031,2850351209,2927803409,2948033870,3094343804,3194591437,3494133159,3576855332,3695762891,3734805491,
Mauritius,MUS,Final consumption expenditure (constant 2010 US$),,,,,,,,,,,,,,,,,1914122619,2025719358,2088617916,2095554033,2006952484,1975063904,2038256773,2080723941,2170653006,2255897981,2386847242,2792665271,3014251864,3210912444,3380917616,3556979645,3731150324,3937145665,4149467412,4340269337,4562713089,4704927277,4978259263,5195069750,5415247398,5600231968,5809145565,6079414319,6516900850,6978352928,7590500805,7831882582,8265571839,8481026994,8704116371,8923016325,9168017801,9397495796,9674470759,9935591647,
Malawi,MWI,Final consumption expenditure (constant 2010 US$),,,,,,,,,,,,,,,,,,,,,,,,,,,,,,,,,,,,,,,,,,,4214969966,4400263929,4664613022,4884161874,5062273018,4746372732,5379179052,5590055648,6211545363,6915848616,7743191939,7274976281,7680667277,8297221399,9805709243
Malaysia,MYS,Final consumption expenditure (constant 2010 US$),8689860172,9259330043,9723623017,10156646767,10868246810,11514467263,12094958741,12210117972,12371873894,13089683742,13747349725,14648297321,15733054422,16979648350,18701967247,18870476204,20059576201,22080111204,24147973611,26293774083,30265608488,32336522523,33799965850,34987253547,36298659185,36326773525,33576318183,34220813977,37889697184,42105465742,46570912576,51040373382,53445464810,57030002359,62200313682,68720758437,72589120487,75909256403,68337204154,72200877713,79581485393,83892477011,88532694235,95811685604,104783000000,113735000000,120990000000,133025000000,144109000000,146213000000,154680000000,167658000000,180573000000,193111000000,205493000000,217130000000,228237000000
Namibia,NAM,Final consumption expenditure (constant 2010 US$),,,,,,,,,,,,,,,,,,,,,3221545867,4312090504,4408102278,4264555210,4400163566,4035215620,4286797902,4867779572,4678340122,4751958040,4206388379,4783388037,4763241900,4767044023,4811164454,4952395345,5352786606,5696548640,5895212629,6029281853,6296359927,6750505627,6630549964,7085517046,7278862564,7201731410,7871189313,8370310154,9377023835,10404365746,10015713749,10841125949,11686757157,12467312340,12998373682,13721296222,
New Caledonia,NCL,Final consumption expenditure (constant 2010 US$),,,,,,,,,,,,,,,,,,,,,,,,,,,,,,,,,,,,,,,,,,,,,,,,,,,,,,,,,
Niger,NER,Final consumption expenditure (constant 2010 US$),,,,,,,,,,,,,,,,,,,,,,,,,,,,,,,,,,,,,,,,,,,,,,,4194830410,4309795347,4531932112,4832366146,4971860573,5242525474,5458383024,5684889435,6103925680,6554815120,
Nigeria,NGA,Final consumption expenditure (constant 2010 US$),,,,,,,,,,,,,,,,,,,,,,100631000000,95549377115,84033205130,77972605876,84194012501,69510040881,55951739776,61823541634,59876367457,72354053775,74512649705,82448622306,81110296462,77705245695,82161033022,97710727775,94631605476,95356769261,90091568058,91734575378,126369000000,127432000000,144704000000,180875000000,197903000000,178693000000,254501000000,235515000000,283359000000,276178000000,270191000000,269538000000,315994000000,315677000000,316427000000,
Nicaragua,NIC,Final consumption expenditure (constant 2010 US$),,,,,,,,,,,,,,,,,,,,,,,,,,,,,,,,,,,4689643488,4890315873,5075004418,5299189716,5572307616,5822577312,6126045134,6378332050,6609199668,6748286871,6893289969,7140009249,7333076545,7619098426,7916098679,8051534119,8284777350,8514357542,8861321315,9221890734,9637395926,10159721963,10750355707
Netherlands,NLD,Final consumption expenditure (constant 2010 US$),,,,,,,,,,,233004000000,242033000000,248658000000,258885000000,267066000000,276158000000,290720000000,302688000000,315449000000,322738000000,330703000000,327923000000,326601000000,332599000000,333279000000,340559000000,347525000000,356779000000,361916000000,371392000000,384263000000,394521000000,399634000000,404635000000,412657000000,423443000000,436632000000,452582000000,475560000000,498398000000,516734000000,530927000000,542115000000,546244000000,547731000000,553748000000,568833000000,581860000000,591858000000,593320000000,595649000000,595706000000,588487000000,584530000000,586065000000,593101000000,601448000000
Norway,NOR,Final consumption expenditure (constant 2010 US$),,,,,,,,,,,79323573859,83964178503,86624748220,90026460141,92846148402,98296006458,104196000000,110134000000,110314000000,115224000000,118349000000,119747000000,121550000000,124319000000,127688000000,137082000000,142937000000,143936000000,141355000000,141990000000,144532000000,149133000000,154312000000,158454000000,162885000000,167481000000,176301000000,181706000000,187245000000,193902000000,200738000000,206143000000,212430000000,217901000000,226852000000,234993000000,244400000000,254847000000,259719000000,263263000000,271748000000,276869000000,284665000000,290643000000,296997000000,303155000000,308751000000
Nepal,NPL,Final consumption expenditure (constant 2010 US$),,,,,,,,,,,,,,,,,,,,,,,,,,,,,,,,,,,,,,,,,,9865258530,10393800584,10795174472,10985111160,11459594705,12022731152,12451806560,12636198123,13406942321,14170128078,14438341401,16733237131,16996000467,17815959658,18417334351,18221760515
Nauru,NRU,Final consumption expenditure (constant 2010 US$),,,,,,,,,,,,,,,,,,,,,,,,,,,,,,,,,,,,,,,,,,,,,,,,,,,,,,,,,
New Zealand,NZL,Final consumption expenditure (constant 2010 US$),,,,,,,,,,,44430808912,44810998017,47881325613,51484012981,53995504653,54235756038,52758705358,51911215423,53192452027,52832188651,52853296581,53906464958,53416158996,55014373318,56857620939,57668872961,59538210304,60952367072,62319071401,63570476047,63925921988,62612828328,62934492198,65014291553,68164100567,70923212878,73906314830,75962613605,77968973692,80108258772,81206909827,83644358269,87178988930,92292563306,97118990265,102167000000,105488000000,109791000000,110281000000,111300000000,113782000000,117058000000,118997000000,122753000000,126521000000,130023000000,
Oman,OMN,Final consumption expenditure (constant 2010 US$),,,,,,,,,,,,,,,,,,,,,,,,,,,,,,,,,,,,,,,,,14916254876,15760988296,16178933680,17475682705,18996879064,20227048114,21310793238,24235110533,25376592978,28078803641,29368835691,30542136453,33729376487,35865523201,38504953276,39256067811,
Pakistan,PAK,Final consumption expenditure (constant 2010 US$),,,,,,,,,,,,,,,,,,,,,,,,,,,60482738015,63475466863,69348874214,71970944301,74242391015,73359338976,80366243336,83842053770,84943827798,90752119264,97176320777,99579112020,101777000000,107463000000,108765000000,108667000000,111628000000,112916000000,123230000000,137250000000,145370000000,150718000000,155318000000,156791000000,159723000000,166184000000,174986000000,180340000000,189503000000,196611000000,212381000000
Panama,PAN,Final consumption expenditure (constant 2010 US$),1856629282,1989675962,2112681446,2339111844,2489730736,2698589042,2764861292,2995308288,3089696125,3427082453,3635940759,3928287134,4066915910,4171123334,4551645184,4561075728,4603513054,4892087284,5368329020,5661618521,5941233770,6926917531,6656756985,6973592109,7858569231,8474535354,8843333307,8834366314,7839715439,9118092401,8222308795,9529656208,9946048305,10339448144,10113432980,9783722020,9944387370,10619898764,12331638830,12407189499,12428521419,12916933860,13859287159,14873695007,15460175224,16706908546,17469080984,17640180878,18929909916,19443725051,20844900000,21574529803,22519153613,23386792212,24392951474,26541717002,27636011197
Peru,PER,Final consumption expenditure (constant 2010 US$),20934136074,22163331753,24640242066,26755646934,28669272347,30662760756,33263902397,35417502610,35322978774,36657501013,37646336080,39491672845,40644863643,43595936383,47418557471,49585661089,50348410573,50664004442,46135348171,45217502434,49695231576,52538277074,52346914533,49162425791,49659736911,50756985031,57742103602,63727970192,57654138563,47998818080,47062839198,48702152582,48569433400,50635068574,55371291472,60565858521,62161961008,64745741128,63868019794,63406203338,65061334996,65537426480,68255469028,70106207155,72558811339,75787668412,80654681434,87093105002,94319741619,98434036257,106604000000,114310000000,122951000000,130330000000,136295000000,141423000000,146667000000
Philippines,PHL,Final consumption expenditure (constant 2010 US$),22353030536,23467836791,24744180510,26263994404,27316063667,28637236968,29972323106,31633580424,33164858783,34538075518,35671043734,37079299394,38656051065,41128356465,43588424006,45832461109,47959658848,50238219600,52728430923,55216065850,57657196911,58823271761,61111365159,61123345381,60511452369,59817630108,61638108427,64175081257,68339431854,71888153673,75850772805,77242024280,79461843302,82101227699,85336402656,88730283340,92790934173,97390050855,100249000000,103108000000,107553000000,111111000000,115474000000,121557000000,128244000000,133571000000,140120000000,146959000000,151766000000,156830000000,162212000000,170562000000,183715000000,193900000000,204087000000,217331000000,232860000000
Palau,PLW,Final consumption expenditure (constant 2010 US$),,,,,,,,,,,,,,,,,,,,,,,,,,,,,,,,,,,,,,,,,,,,,,,,,,,,,,,,,
Papua New Guinea,PNG,Final consumption expenditure (constant 2010 US$),,,,,,,,,,,,,,,,,,,,,,,,,,,,,,,,,,,,,,,,,,,,,,,,,,,,,,,,,
Poland,POL,Final consumption expenditure (constant 2010 US$),,,,,,,,,,,,,,,,,,,,,,,,,,,,,,,166251000000,178735000000,185185000000,193924000000,201415000000,208073000000,222924000000,236970000000,246963000000,259322000000,269695000000,276193000000,285866000000,291585000000,303684000000,310213000000,325558000000,341944000000,363185000000,376120000000,386739000000,394371000000,396361000000,399626000000,410748000000,422450000000,437514000000
Puerto Rico,PRI,Final consumption expenditure (constant 2010 US$),,,,,,,,,,,,,23080982826,24517952195,24324740879,24267492086,25968816919,27621292616,28526971411,29613009153,29666223878,30115616044,29828665516,30768286540,32354382969,33885984530,35361736040,37418283068,39132760323,40140340828,41053913501,40628902335,41851183324,43610369188,45396571390,47885829862,50730666280,53611768078,55731328218,58632982669,59504494181,60388727362,63017963566,64309175765,66613566320,68579554081,69111243880,69790458028,68570521978,67193427335,67625764000,67494497436,69126297385,67716058572,,,
"Korea, Dem. Peoples Rep.",PRK,Final consumption expenditure (constant 2010 US$),,,,,,,,,,,,,,,,,,,,,,,,,,,,,,,,,,,,,,,,,,,,,,,,,,,,,,,,,
Portugal,PRT,Final consumption expenditure (constant 2010 US$),,,,,,,,,,,59510597987,66545662834,69624107891,77596211518,85924390898,86060081362,89517528886,91579843184,90700887172,91803915008,96171286767,99325100582,101882000000,101628000000,99247656186,101087000000,107124000000,112440000000,120551000000,125035000000,132440000000,139640000000,144407000000,145570000000,148120000000,149135000000,154172000000,159056000000,167347000000,175440000000,182195000000,185004000000,187990000000,188284000000,193264000000,196832000000,198984000000,203123000000,205468000000,203010000000,206079000000,198549000000,188659000000,186050000000,189127000000,193165000000,196783000000
Paraguay,PRY,Final consumption expenditure (constant 2010 US$),,,,,,,,,,,,,,,,,,,,,,,,,,,,,,,,9381054665,9833601274,10231045412,10763279983,10906013654,10866288362,10991195470,10834749345,10549021026,10480786841,10881265620,10441274058,11265583426,11857973181,12185773718,12619894239,13288676493,14367923607,14169562783,16064756831,16953477077,17768331638,18560047551,19264295151,19622111846,19796258308
West Bank and Gaza,PSE,Final consumption expenditure (constant 2010 US$),,,,,,,,,,,,,,,,,,,,,,,,,,,,,,,,,,,5473348883,5932303497,6008672358,6777699378,7489635114,8013243754,7587209309,7314060877,6549779107,7321920197,8411251568,9401822430,9119480076,9668742722,9791229479,10468465576,10855500000,11931040489,13082356683,12628888764,13078501168,13878372311,14264368711
French Polynesia,PYF,Final consumption expenditure (constant 2010 US$),,,,,,,,,,,,,,,,,,,,,,,,,,,,,,,,,,,,,,,,,,,,,,,,,,,,,,,,,
Qatar,QAT,Final consumption expenditure (constant 2010 US$),,,,,,,,,,,,,,,,,,,,,,,,,,,,,,,,,,,,,,,,,12901599871,12547965444,12806600704,13026998769,13531681853,17549671777,22529053312,25113505740,27594171587,33656543658,37729395604,41022304354,45436223254,52692610867,57139549732,59706101611,
Romania,ROU,Final consumption expenditure (constant 2010 US$),,,,,,,,,,,,,,,,,,,,,,,,,,,,,,,76267964771,67275824892,63517954669,64307864862,66744997333,73948200038,77551158572,75222564905,77013913312,77888529483,78411308406,82591947160,85455220191,92836812566,101883000000,110829000000,121112000000,135356000000,144904000000,133324000000,133230000000,134248000000,135733000000,135529000000,141063000000,148220000000,158616000000
Russian Federation,RUS,Final consumption expenditure (constant 2010 US$),,,,,,,,,,,,,,,,,,,,,,,,,,,,,,,612387000000,572443000000,541552000000,537602000000,538777000000,525816000000,510456000000,526000000000,513955000000,506728000000,536324000000,572959000000,613177000000,652527000000,717477000000,787189000000,868133000000,993172000000,1076660000000,1035060000000,1070690000000,1126850000000,1195150000000,1237690000000,1249050000000,1148510000000,1108400000000
Rwanda,RWA,Final consumption expenditure (constant 2010 US$),758236726.4,727288928.1,842500526.2,786697540.5,642694033.4,707999457.6,774018796.3,834388265.7,896894762.7,1015031371,1044255793,1054395538,1035561142,1017743390,1061444798,997747767,1157958892,1215517537,1337352992,1517783469,1633435849,1742724302,1678944134,1886648735,1642754241,1637871244,1828089768,1765499192,1935219430,1962297828,1958600070,2196396294,2271880856,2145976720,1557718419,1610692444,1764354433,2042233600,2172596635,2585090590,2884371212,3005818421,3409196651,3284857842,3511848459,3827032882,4337400319,4393786524,4658367943,5193313982,5482474004,5910430835,6416460872,6633330888,7341772941,8212144605,8606848034
Saudi Arabia,SAU,Final consumption expenditure (constant 2010 US$),,,,,,,,,,,,,,,,,,,,,,,,,,,,,,,,,,,,,,,,,159071000000,161209000000,162555000000,169475000000,181886000000,199058000000,218170000000,235494000000,255578000000,269647000000,277224000000,297886000000,328178000000,349368000000,379587000000,391003000000,369352000000
Sudan,SDN,Final consumption expenditure (constant 2010 US$),10647896923,10350881006,10821376194,10758293322,10976454395,11856989566,11043502290,10735923406,10830962653,10436137251,11049614010,11587609646,10624076452,10282424110,12135689906,14002860151,16309472402,18499653910,17946989861,17177966349,18081603400,19294347266,20733382615,21465123729,21119040199,20104320398,18602333046,18179087383,19039177715,19618733857,20064898946,21808074741,22948435374,24366213201,25298918415,25329977805,25785200620,27290454465,28738859192,29935515374,29373490306,32580048266,33483564477,33475463917,37795043837,40196630378,44714199495,45615232522,46327914394,48257958549,50799261362,50410339672,48450215979,50134235953,51073268058,51845802608,54096003009
Senegal,SEN,Final consumption expenditure (constant 2010 US$),3120282613,3133595778,3143580741,3336622161,3451448873,3356592139,3480019416,3510730956,3528569471,3138077880,3380657020,3433528337,3403605520,3385084430,3523801437,3784010547,4193189126,4242746603,4394870028,4625659414,4708308913,4682791456,5038326199,4961113948,5119305577,5130688552,5607001059,5822292310,5993914968,6167344141,6159623255,6257815131,6398322444,6663750730,6375482707,6552242776,6720531470,6826070529,7285070844,7640393954,7859780550,8209668670,8556046222,8957230324,9384299813,9864659636,10330558474,10874966842,11412021258,11818234810,12078437211,12303710005,12678629514,12957470009,13603268887,14276019675,14926298058
Singapore,SGP,Final consumption expenditure (constant 2010 US$),,,,,,,,,,,,,,,,14827429410,15598166483,16499523286,17704877154,18680748075,19876127613,20859992666,22013714705,23417895123,24769270260,25688008801,26538980565,28756435644,31133993399,33616061606,36301576824,38645764576,40662706271,45654272094,48364576458,50699963330,54989218922,58333700037,57855958929,62879207921,72885588559,77402860286,81293582692,81827062706,85340080675,88526145948,92213201320,97225889256,101099000000,101062000000,108072000000,111036000000,113958000000,119664000000,121926000000,128401000000,130739000000
Solomon Islands,SLB,Final consumption expenditure (constant 2010 US$),,,,,,,,,,,,,,,,,,,,,,,,,,,,,,,,,,,,,,,,,,,,,,,,,,,,,,,,,
Sierra Leone,SLE,Final consumption expenditure (constant 2010 US$),,,,,,,,,,,,,,,,,,,,,1674854749,1633267627,1645123654,1539157826,1492906128,1437151614,1417198752,1519061706,1506724221,1469665336,1340746732,1370068462,1204433060,1289635026,1080467041,1268397694,1363168302,1113420433,1079898607,1036144966,1107341346,1393674270,1732293302,1837201895,1886683926,1927481408,1965227750,2110849669,2298926705,2528217315,2232666430,2906960639,3135553319,3981618336,3367633498,3343993775,3673691805
El Salvador,SLV,Final consumption expenditure (constant 2010 US$),,,,,,6879049064,7459371593,7835126568,7913768642,8149981066,8642478284,8810050277,9322631177,10029167312,10137450606,10262018253,11472676341,12816033179,13104663302,11951497994,10657356239,9684877880,8919816330,9040264748,9313404131,9560445991,9562570718,9648941192,9805369625,9932910252,11418688987,11767233648,12655204129,13629347945,14653558950,16002003144,16263652348,16752529563,17153548490,17741597253,18393674247,18989907069,19271775715,19631392928,20172262993,21192863383,22200465561,23505582380,23898778309,21705426230,22189730000,22744825887,23290774883,23519350857,23820789034,24380434295,24666033909
San Marino,SMR,Final consumption expenditure (constant 2010 US$),,,,,,,,,,,,,,,,,,,,,,,,,,,,,,,,,,,,,,,,,,,,,,,,,,,,,,,,,
Somalia,SOM,Final consumption expenditure (constant 2010 US$),,,,,,,,,,,,,,,,,,,,,,,,,,,,,,,,,,,,,,,,,,,,,,,,,,,,,,,,,
Serbia,SRB,Final consumption expenditure (constant 2010 US$),,,,,,,,,,,,,,,,,,,,,,,,,,,,,,,,,,,,20617457599,21285739281,23782334498,24442756812,21966873325,23808863885,25198323918,26992458404,28350820609,31048518633,32659194971,34507005760,36404927897,38444304499,38248269305,38086986951,38443825913,37965380959,37713653480,37267473231,37299782964,37706086153
South Sudan,SSD,Final consumption expenditure (constant 2010 US$),,,,,,,,,,,,,,,,,,,,,,,,,,,,,,,,,,,,,,,,,,,,,,,,,7819376445,7810894107,9083691266,8375639251,8512249539,9003332274,8839510511,8636579672,
Sao Tome and Principe,STP,Final consumption expenditure (constant 2010 US$),,,,,,,,,,,,,,,,,,,,,,,,,,,,,,,,,,,,,,,,,,,,,,,,,,,,,,,,,
Suriname,SUR,Final consumption expenditure (constant 2010 US$),,,,,,,,,,,,,,,,,,,,,,,,,,,,,,,,,,,,,,,,,,,,,,,2001277903,1519734213,2055384978,2190732688,2151234793,2318426713,2559295179,2701917660,2743546715,2945842850,2520658281
Slovak Republic,SVK,Final consumption expenditure (constant 2010 US$),,,,,,,,,,,,,,,,,,,,,,,,,,,,,,,,,34237685097,35833167587,34878026309,36579781015,40131847674,42432712007,45077130720,44215057543,45355919419,47694033190,50149966436,51983626798,53527138872,56810992361,60656665380,64109683632,68056317527,68802024122,69308764812,68704890832,68132385846,68078981079,69670377719,71750893582,73576293509
Slovenia,SVN,Final consumption expenditure (constant 2010 US$),,,,,,,,,,,,,,,,,,,,,,,,,,,,,,,21869262560,20040302846,19413421362,21661921263,22427146563,24091907180,24839750336,25650020769,26455526982,28041563809,28455387382,29167338636,29947654163,30922121707,31819597544,32558878826,33122027151,34844960993,35900716545,36363902477,36646458767,36568353218,35684329296,34426045670,34826823397,35164712286,36141176268
Sweden,SWE,Final consumption expenditure (constant 2010 US$),,,,,,,,,,,174712000000,176096000000,181555000000,186252000000,192340000000,198911000000,206672000000,207346000000,208789000000,215559000000,215891000000,219729000000,221546000000,218739000000,222862000000,227905000000,236314000000,245015000000,250381000000,254252000000,255515000000,259651000000,259180000000,254480000000,256828000000,258886000000,261823000000,266164000000,275409000000,284292000000,293059000000,294638000000,301798000000,307027000000,312284000000,318288000000,325607000000,334165000000,336228000000,339684000000,349775000000,355024000000,358226000000,364156000000,371095000000,380922000000,390626000000
Swaziland,SWZ,Final consumption expenditure (constant 2010 US$),,,,,,,,,,,,,,,,,,,,,1416434503,1351393031,1479187797,1476303593,1486443108,1344586766,1174044784,1181860065,1042184278,1114896843,1377305573,1447310328,1615997166,1793140843,1641283928,1935598119,2229792590,2220250889,2353474480,2576509765,2859236453,2919349486,2923652388,3010577668,3325938176,3645808681,3824379595,3882685906,3958278477,4215977123,4535433708,4446807047,4570412527,4728560504,4829651128,5059864052,
Sint Maarten (Dutch part),SXM,Final consumption expenditure (constant 2010 US$),,,,,,,,,,,,,,,,,,,,,,,,,,,,,,,,,,,,,,,,,,,,,,,,,,,,,,,,,
Seychelles,SYC,Final consumption expenditure (constant 2010 US$),,,,,,,,,,,,,,,,,,,,,,,,,,,,,,,,,,,,,,,,,,,,,,,,,,,752332653.8,,,,,,
Syrian Arab Republic,SYR,Final consumption expenditure (constant 2010 US$),,,,,,,,,,,,,,,,,,,,,,,,,,,,,,,,,,,,,,,,,,,,,,,,,,,,,,,,,
Turks and Caicos Islands,TCA,Final consumption expenditure (constant 2010 US$),,,,,,,,,,,,,,,,,,,,,,,,,,,,,,,,,,,,,,,,,,,,,,,,,,,,,,,,,
Chad,TCD,Final consumption expenditure (constant 2010 US$),,,,,,,,,,,,,,,,,,,,,,,,,,,,,,,,,,,,,,,,,,,,,,,,6123346863,6461763399,7264370648,7697041915,7912689916,8648074506,9498574687,10128595054,9283418416,8777113447
Togo,TGO,Final consumption expenditure (constant 2010 US$),771366428.1,833035121.4,840902549.9,920913870.1,914027527.8,968198834.2,1156862301,1274655362,1371804353,1467886651,1534852879,1022540435,1122620996,1197607013,1316932041,1154022983,1615486703,1661091467,1566790274,1718601057,1811601201,1864760250,1961285704,1799010954,2041024048,2267399350,2234462303,2145095766,2384323404,2473088752,2418878367,2554418196,2586792560,2107060415,2194591298,2377497857,2922762131,3109368879,3358758286,3374917276,3306845851,3432539740,3287727769,3566544253,3494219875,3123337128,3097343469,3210857769,3080603175,3255864336,3135952354,3238320111,4246645795,5268756237,5424461554,5971743891,5858615565
Thailand,THA,Final consumption expenditure (constant 2010 US$),13725810681,14172660938,16202694268,17125699468,18113788856,19379931780,20746680850,22812232801,25467700411,26942616858,28326506728,28977017818,30667223554,33270286722,34598987827,36919446726,40497227130,43888931760,47202228419,51413438250,53936501046,56484956532,57630742851,61713588485,64933992961,66632145274,68356460523,73017706858,78695727674,86166582092,96302636036,101656000000,110078000000,118701000000,128170000000,138473000000,146576000000,145598000000,134712000000,140061000000,148676000000,156458000000,165333000000,176776000000,188733000000,197973000000,203317000000,208549000000,215325000000,218299000000,231871000000,237111000000,253286000000,256159000000,259542000000,265711000000,272956000000
Tajikistan,TJK,Final consumption expenditure (constant 2010 US$),,,,,,,,,,,,,,,,,,,,,,,,,,,,,,,,,,4218227137,2747731853,2775470040,1952969216,2608068539,2884810816,2667426923,3115090331,3285645611,3549041621,3776671912,4004302203,4231932676,4459562966,4687193440,4914823730,5142454204,5370084494,5597714967,5825345258,6052975549,,,
Turkmenistan,TKM,Final consumption expenditure (constant 2010 US$),,,,,,,,,,,,,,,,,,,,,,,,,,,,,,,,,,,,,,,,,,,,,,,,,,,,,,,,,
Timor-Leste,TLS,Final consumption expenditure (constant 2010 US$),,,,,,,,,,,,,,,,,,,,,,,,,,,,,,,,,,,,,,,,,1208000000,1523000000,1529000000,1218000000,1020000000,865000000,959000000,1206000000,1292000000,1497000000,1551000000,1549000000,1754000000,1542000000,1622000000,,
Tonga,TON,Final consumption expenditure (constant 2010 US$),,,,,,,,,,,,,,,,,,,,,,,,,,,,,,,,,,,,,,,,,,,,,,,,,,,428732023.4,,,,,,
Trinidad and Tobago,TTO,Final consumption expenditure (constant 2010 US$),3720963877,4296258807,4359594071,4950727151,5288510075,5151395768,5277084354,5757459309,5873182503,6587879785,6205524154,6033699632,6949818009,6818012478,7109525064,7865359219,9073137463,9949724701,11128110941,12508271418,13557146412,9418315403,10710804661,9504631873,8515913556,8789457752,9341523181,8242343054,7993120568,7545124708,7179445762,8263827189,7794811491,8184999850,7032906394,6910791934,8222672331,9937699930,10771717043,11759715057,10948011344,11083090398,14170822387,12698183040,14617847538,10747467541,13221613576,16426253213,13645719853,14462363982,14017258364,17027564158,19644274520,14842025839,15975542492,15235722182,14876041899
Tunisia,TUN,Final consumption expenditure (constant 2010 US$),,,,,,2887609194,2938995319,2947723907,3026562666,3265331354,3719217270,3935882912,4441295515,5012876345,5231090960,6057911904,6357499162,6932176680,7301592846,7675372782,8614539402,9247360836,9564686461,10004353919,10581284477,10851306483,11016163895,11163846025,11309135322,11318285175,12178049811,12423576708,13175782171,13645013413,14084821014,14508438382,15108879838,15841516907,16696651670,17565081389,18526510689,19509308649,20307044502,21361957664,22429457664,23409269177,25221616110,27595050859,29761995389,32488496996,34401654255,38202073005,41329965977,44926233757,,,
Turkey,TUR,Final consumption expenditure (constant 2010 US$),,,,,,,,,,,,,,,,,,,,,,,,,,,,257162000000,259507000000,257454000000,289462000000,295962000000,305939000000,330562000000,313764000000,331846000000,360051000000,388251000000,394239000000,396646000000,414614000000,391920000000,408705000000,436056000000,475463000000,503246000000,527218000000,556631000000,561444000000,552828000000,602287000000,663324000000,688481000000,742922000000,765245000000,805382000000,831073000000
Tuvalu,TUV,Final consumption expenditure (constant 2010 US$),,,,,,,,,,,,,,,,,,,,,,,,,,,,,,,,,,,,,,,,,,,,,,,,,,,,,,,,,
Tanzania,TZA,Final consumption expenditure (constant 2010 US$),,,,,,,,,,,,,,,,,,,,,,,,,,,,,,,9501667647,9906953554,9894083303,9826563876,9826204017,10056626674,10203004614,10965115416,12377484375,12822480511,13046522565,13510747563,14510249963,15477609080,16668451133,19134300539,19880414437,21388721150,22799411879,24398549658,25136747152,27022084023,28395591760,31333130176,32407720350,32736062568,33693589642
Uganda,UGA,Final consumption expenditure (constant 2010 US$),,,,,,,,,,,,,,,,,,,,,,,4090990845,4415055095,4316262886,4178339824,4179816123,4352160669,4657599072,4903914113,5222358737,5460800183,5622810635,6021839778,6344091163,7276788447,7795285638,8032515957,8596061947,9164002745,9246689529,9604659511,10423200408,10825036550,11113310202,11695977110,12992209153,13987856894,14105788391,16424590767,17331027577,19224810670,19804318522,19758168580,20373360032,22483058631,23168040702
Ukraine,UKR,Final consumption expenditure (constant 2010 US$),,,,,,,,,,,,,,,,,,,,,,,,,,,,,,,94975069189,89312265336,83761082338,67632392976,60928345532,58717508304,53945286771,53467291308,53528466165,51520072509,52552101568,57503014756,60219713405,66843881899,73327738432,84840193357,96125928058,110111000000,122421000000,106408000000,113108000000,125864000000,135134000000,142187000000,133426000000,112255000000,113839000000
Uruguay,URY,Final consumption expenditure (constant 2010 US$),11842595556,11556709794,12144321569,11648591532,12348191706,11590746213,12337394960,12074827081,12102754657,12974333716,13750729288,13726286684,13656997155,14078849693,13873649152,14172717977,13860585571,13699572910,14251277590,15107891259,16181093185,16731794089,15290440932,13283921193,13014147277,13168226206,14733458097,16796142954,16679089319,16826559689,16368758783,17087099734,19191969992,20168225670,21836025972,21147468782,22800331932,24023910550,25564066140,25240427969,24885376525,24359407909,20546474762,20742756075,22691334176,23326481606,24692723323,26365086295,28770016303,29536920061,32068639933,34222908608,35952985909,37913662424,39016051236,38951747113,39263279153
United States,USA,Final consumption expenditure (constant 2010 US$),,,,,,,,,,,4106530000000,4227750000000,4430060000000,4591040000000,4583700000000,4690190000000,4893840000000,5074380000000,5270400000000,5379000000000,5382760000000,5464290000000,5553110000000,5839030000000,6101800000000,6418540000000,6694060000000,6901640000000,7160990000000,7372840000000,7534930000000,7575540000000,7809910000000,8025840000000,8285290000000,8490650000000,8739390000000,9037350000000,9464210000000,9922330000000,10363400000000,10649400000000,10948700000000,11264200000000,11648800000000,11999300000000,12321100000000,12577800000000,12601900000000,12528800000000,12724400000000,12888100000000,13018600000000,13115500000000,13406300000000,13796300000000,
Uzbekistan,UZB,Final consumption expenditure (constant 2010 US$),,,,,,,,,,,,,,,,,,,,,,,,,,,,,,,,,,,,,,,,,,,,,,,,,,,25487635562,,,,,,
St. Vincent and the Grenadines,VCT,Final consumption expenditure (constant 2010 US$),,,,,,,,,,,,,,,,,,,,,,,,,,,,,,,,,,,,,,,,,,,,,,,,,,,689743605.6,,,,,,
"Venezuela, RB",VEN,Final consumption expenditure (constant 2010 US$),,34404633033,35153697882,37006223920,40155518293,43173927997,45119080499,46645400765,49832953883,52521656682,55777876677,57914825451,61354963634,65495740635,56711719376,72560956442,83865746862,93104871537,99076507962,100316000000,108691000000,113874000000,116879000000,114250000000,112536000000,112530000000,116252000000,120788000000,127915000000,121009000000,124887000000,136275000000,145654000000,144590000000,137843000000,139474000000,132669000000,146972000000,148175000000,143932000000,150538000000,159824000000,149875000000,146455000000,168694000000,193379000000,220949000000,256891000000,272355000000,266713000000,263848000000,275488000000,294400000000,307466000000,,,
British Virgin Islands,VGB,Final consumption expenditure (constant 2010 US$),,,,,,,,,,,,,,,,,,,,,,,,,,,,,,,,,,,,,,,,,,,,,,,,,,,,,,,,,
Virgin Islands (U.S.),VIR,Final consumption expenditure (constant 2010 US$),,,,,,,,,,,,,,,,,,,,,,,,,,,,,,,,,,,,,,,,,,,,,,,,,,,,,,,,,
Vietnam,VNM,Final consumption expenditure (constant 2010 US$),,,,,,,,,,,,,,,,,,,,,,,,,,,,,,,,,,,31369219065,33663252926,36676802135,38786952282,40479603486,41260248200,42588925866,44562067602,47884070268,51690054698,55383480369,59443021093,63927594970,70136455293,75506919343,77514718582,84113743268,87770106470,92224419849,97168217888,103190000000,112600000000,120843000000
Vanuatu,VUT,Final consumption expenditure (constant 2010 US$),,,,,,,,,,,,,,,,,,,,,,,,,,,,,,,,,,,,,,,,,,,,,464695841,474273849.1,487100842.2,502410060,515418996.4,540748084.2,556850054.4,569352149.1,581152462.9,599112852.6,616215510.1,,
Samoa,WSM,Final consumption expenditure (constant 2010 US$),,,,,,,,,,,,,,,,,,,,,,,,,,,,,,,,,,,,,,,,,,,,,,,,,,,,,,,,,
Kosovo,XKX,Final consumption expenditure (constant 2010 US$),,,,,,,,,,,,,,,,,,,,,,,,,,,,,,,,,,,,,,,,,,,,,,,5346577758,5704049216,5771974327,5835334206,5982251656,5945038102,6086145257,6248003464,6601601392,6793756135,7009290397
"Yemen, Rep.",YEM,Final consumption expenditure (constant 2010 US$),,,,,,,,,,,,,,,,,,,,,,,,,,,,,,,,,,,,,,,,,,,,,,,,,,,28661192845,,,,,,
South Africa,ZAF,Final consumption expenditure (constant 2010 US$),45816942578,47201141889,49882259739,52866333388,57150193957,59867371469,62707616238,65443096760,70185625307,74941949407,80098481123,84482188712,87128339616,93086515872,98498879965,104014000000,106660000000,107006000000,108489000000,111833000000,121595000000,128725000000,132819000000,136393000000,143449000000,141119000000,142184000000,147620000000,153932000000,158693000000,162982000000,163396000000,162592000000,165328000000,170428000000,174790000000,182305000000,187718000000,189090000000,191766000000,199132000000,205909000000,213140000000,220649000000,233865000000,247636000000,266991000000,282800000000,289279000000,286885000000,297458000000,310949000000,322302000000,329606000000,332268000000,336803000000,340628000000
Zambia,ZMB,Final consumption expenditure (constant 2010 US$),,,,,,,,,,,,,,,,,,,,,,,,,,,,,,,,,,,,,,,,,,,,,,,,,,,12964165850,,,,,,
Zimbabwe,ZWE,Final consumption expenditure (constant 2010 US$),,,,,,,,,,,,,,,,,,,,,,,,,,,,,,,,,,,,,,,,,,,,,,6955129646,6780005682,6193721110,5932143544,8798847261,9664610500,11704804191,14668002080,14973779700,14770859795,13900608487,14159994159
